team,round,annee,forme_recent_norm_equipe,performance_norm_equipe,preference_circuit_norm_equipe,forme_brute_equipe,performance_brute_equipe,pref_circuit_brute_equipe
red_bull,1,2022,0.0,0.698829132993406,0.0,0.0,73.27340331552635,0.0
mclaren,1,2022,0.0,0.25691185795343924,0.0,0.0,29.134835214022445,0.0
ferrari,1,2022,0.0,0.5858760240076119,0.0,0.0,61.99167984636536,0.0
mercedes,1,2022,0.0,0.9999999999899879,0.0,0.0,103.35426137185685,0.0
sauber,1,2022,0.0,0.009981054667377278,0.0,0.0,4.47145884744978,0.0
haas,1,2022,0.0,0.0,0.0,0.0,3.4745540282819336,0.0
aston_martin,1,2022,0.0,0.17852864002421392,0.0,0.0,21.305942346525384,0.0
rb,1,2022,0.0,0.10678770650097608,0.0,0.0,14.140478901597787,0.0
williams,1,2022,0.0,0.052699679676129305,0.0,0.0,8.738182611486572,0.0
alpine,1,2022,0.0,0.17749134361380442,0.0,0.0,21.202337484624106,0.0
red_bull,2,2022,0.0,0.5465555507805777,0.0,0.0,73.27340331552635,0.0
mclaren,2,2022,0.0,0.19592331813231456,0.0,0.0,29.134835214022445,0.0
ferrari,2,2022,0.9999999999772728,0.8064661650540043,0.0,44.0,105.99167984636536,0.0
mercedes,2,2022,0.6136363636224174,0.999999999992056,0.0,27.0,130.35426137185686,0.0
sauber,2,2022,0.0,0.0,0.0,0.0,4.47145884744978,0.0
haas,2,2022,0.227272727267562,0.0715196595580643,0.0,10.0,13.474554028281933,0.0
aston_martin,2,2022,0.0,0.1337314006468666,0.0,0.0,21.305942346525384,0.0
rb,2,2022,0.0,0.07680969806973034,0.0,0.0,14.140478901597787,0.0
williams,2,2022,0.0,0.03389441352146282,0.0,0.0,8.738182611486572,0.0
alpine,2,2022,0.1818181818140496,0.19645954920794573,0.0,8.0,29.202337484624106,0.0
red_bull,3,2022,0.5453514739167193,0.7729381815399233,0.0,48.1,110.27340331552635,0.0
mclaren,3,2022,0.0884353741486572,0.22401189777569885,0.0,7.800000000000001,35.134835214022445,0.0
ferrari,3,2022,0.9999999999886621,0.9900456339192895,0.0,88.2,139.99167984636534,0.0
mercedes,3,2022,0.46825396824865917,0.9999999999926945,0.0,41.3,141.35426137185686,0.0
sauber,3,2022,0.0,0.0,0.0,0.0,4.47145884744978,0.0
haas,3,2022,0.14285714285552314,0.08038332776529651,0.0,12.6,15.474554028281933,0.0
aston_martin,3,2022,0.0,0.12298464955779177,0.0,0.0,21.305942346525384,0.0
rb,3,2022,0.0,0.07063721574778045,0.0,0.0,14.140478901597787,0.0
williams,3,2022,0.0,0.03117063418718971,0.0,0.0,8.738182611486572,0.0
alpine,3,2022,0.20861678004298617,0.23911607618567782,0.0,18.4,37.20233748462411,0.0
red_bull,4,2022,0.5942182533631436,0.7554297495546144,0.0,78.52000000000001,128.27340331552637,0.0
mclaren,4,2022,0.2892386862396758,0.296940103639174,0.0,38.22,53.134835214022445,0.0
ferrari,4,2022,0.9999999999924324,0.9855837129333614,0.0,132.14000000000001,165.99167984636534,0.0
mercedes,4,2022,0.6578628727057828,0.9999999999938981,0.0,86.93,168.35426137185686,0.0
sauber,4,2022,0.0,0.0,0.0,0.0,4.47145884744978,0.0
haas,4,2022,0.09535341304604697,0.0671400233049244,0.0,12.6,15.474554028281933,0.0
aston_martin,4,2022,0.0,0.10272269719372,0.0,0.0,21.305942346525384,0.0
rb,4,2022,0.0,0.05899960157594327,0.0,0.0,14.140478901597787,0.0
williams,4,2022,0.012789465718080904,0.03213713509213562,0.0,1.6900000000000002,9.738182611486572,0.0
alpine,4,2022,0.2159830482804905,0.23633278196575755,0.0,28.54,43.20233748462411,0.0
red_bull,5,2022,0.9999999999942919,0.9540554395239229,0.0,175.18800000000002,172.27340331552637,0.0
mclaren,5,2022,0.40627782724612255,0.3619647597858591,0.0,71.175,68.13483521402244,0.0
ferrari,5,2022,0.8546019133681839,0.9638248797771323,0.0,149.716,173.99167984636534,0.0
mercedes,5,2022,0.6466995456272878,0.9999999999943144,0.0,113.29400000000001,180.35426137185686,0.0
sauber,5,2022,0.0,0.0,0.0,0.0,4.47145884744978,0.0
haas,5,2022,0.09700436102874052,0.07393045251797029,0.0,16.994,17.474554028281933,0.0
aston_martin,5,2022,0.06270406648821435,0.1241422309945369,0.0,10.985,26.305942346525384,0.0
rb,5,2022,0.0,0.054974220988724995,0.0,0.0,14.140478901597787,0.0
williams,5,2022,0.009646779459725285,0.02994450673070205,0.0,1.6900000000000002,9.738182611486572,0.0
alpine,5,2022,0.16291070164530155,0.22020844608488357,0.0,28.54,43.20233748462411,0.0
red_bull,6,2022,0.9999999999964755,0.999999999995141,0.0,283.7198,210.27340331552637,0.0
mclaren,6,2022,0.2508637042594459,0.30934292934311225,0.0,71.175,68.13483521402244,0.0
ferrari,6,2022,0.8598881713547667,0.9840539724800602,0.0,243.96730000000002,206.99167984636534,0.0
mercedes,6,2022,0.58051570598675,0.9420844055899558,0.0,164.70380000000003,198.35426137185686,0.0
sauber,6,2022,0.0,0.0,0.0,0.0,4.47145884744978,0.0
haas,6,2022,0.05989712385226587,0.06318256717339216,0.0,16.994,17.474554028281933,0.0
aston_martin,6,2022,0.048784399255713616,0.11095368198771645,0.0,13.8411,27.305942346525384,0.0
rb,6,2022,0.0,0.04698216082987912,0.0,0.0,14.140478901597787,0.0
williams,6,2022,0.026089825242982378,0.035309305666587985,0.0,7.4022000000000014,11.738182611486572,0.0
alpine,6,2022,0.1408586922726547,0.20763107339636916,0.0,39.9644,47.20233748462411,0.0
red_bull,7,2022,0.9999999999970923,0.9999999999959969,0.0,343.91440000000006,254.27340331552637,0.0
mclaren,7,2022,0.1924153219516472,0.27086809316229654,0.0,66.1744,72.13483521402244,0.0
ferrari,7,2022,0.5469215595492747,0.8587612136280685,0.0,188.09420000000003,218.99167984636534,0.0
mercedes,7,2022,0.5156181305565698,0.8762253752252236,0.0,177.32850000000002,223.35426137185686,0.0
sauber,7,2022,0.0,0.0,0.0,0.0,4.47145884744978,0.0
haas,7,2022,0.015643427550531053,0.05205361875172204,0.0,5.380000000000001,17.474554028281933,0.0
aston_martin,7,2022,0.03095828496849519,0.09141035129893604,0.0,10.647000000000002,27.305942346525384,0.0
rb,7,2022,0.0,0.03870674455596542,0.0,0.0,14.140478901597787,0.0
williams,7,2022,0.01655644544102673,0.02908994075078688,0.0,5.694,11.738182611486572,0.0
alpine,7,2022,0.13793199703141848,0.20308440250533916,0.0,47.436800000000005,55.20233748462411,0.0
red_bull,8,2022,0.9999999999971456,0.9999999999965494,0.0,350.33200000000005,294.27340331552637,0.0
mclaren,8,2022,0.20549906945353122,0.26453713589472844,0.0,71.9929,81.13483521402244,0.0
ferrari,8,2022,0.5829241976165954,0.8437494146110092,0.0,204.21700000000004,248.99167984636534,0.0
mercedes,8,2022,0.4793464485103292,0.8035929605339722,0.0,167.93040000000002,237.35426137185686,0.0
sauber,8,2022,0.0,0.0,0.0,0.0,4.47145884744978,0.0
haas,8,2022,0.0074215315757412345,0.044868902465972416,0.0,2.6,17.474554028281933,0.0
aston_martin,8,2022,0.03153037689953663,0.08224404271248383,0.0,11.0461,28.305942346525384,0.0
rb,8,2022,0.0,0.033364234570136715,0.0,0.0,14.140478901597787,0.0
williams,8,2022,0.012502426269902544,0.025074792984393482,0.0,4.380000000000001,11.738182611486572,0.0
alpine,8,2022,0.13550746149328205,0.19575741198392066,0.0,47.4726,61.20233748462411,0.0
red_bull,9,2022,0.9999999999973774,0.9999999999970043,0.0,381.3084,338.27340331552637,0.0
mclaren,9,2022,0.15386390648578982,0.24764198572315566,0.0,58.6696,87.13483521402244,0.0
ferrari,9,2022,0.35952525567136856,0.7325308466606848,0.0,137.09,248.99167984636534,0.0
mercedes,9,2022,0.4865423893087944,0.7785538905046212,0.0,185.52270000000004,264.35426137185686,0.0
sauber,9,2022,0.0,0.0,0.0,0.0,4.47145884744978,0.0
haas,9,2022,0.005245098193469524,0.03895452197414254,0.0,2.0,17.474554028281933,0.0
aston_martin,9,2022,0.08220589947642852,0.09536937704095594,0.0,31.345800000000004,36.305942346525384,0.0
rb,9,2022,0.0,0.02896633831635377,0.0,0.0,14.140478901597787,0.0
williams,9,2022,0.006818627651510383,0.02176956690769062,0.0,2.6,11.738182611486572,0.0
alpine,9,2022,0.13609639861032147,0.19092422825319508,0.0,51.8947,68.20233748462411,0.0
red_bull,10,2022,0.9999999999969778,0.999999999997213,0.0,330.87050000000005,363.27340331552637,0.0
mclaren,10,2022,0.1015261257800211,0.23038720285892156,0.0,33.592,87.13483521402244,0.0
ferrari,10,2022,0.5504476827019924,0.762315325251781,0.0,182.12690000000003,277.99167984636534,0.0
mercedes,10,2022,0.6364837602607772,0.7995575468491702,0.0,210.5937,291.35426137185686,0.0
sauber,10,2022,0.0,0.0,0.0,0.0,4.47145884744978,0.0
haas,10,2022,0.0,0.03624031413785392,0.0,0.0,17.474554028281933,0.0
aston_martin,10,2022,0.0698826277952556,0.09151144246907907,0.0,23.122100000000003,37.305942346525384,0.0
rb,10,2022,0.0,0.026948070385893162,0.0,0.0,14.140478901597787,0.0
williams,10,2022,0.006044660977614974,0.020252743542929923,0.0,2.0,11.738182611486572,0.0
alpine,10,2022,0.2069691918735367,0.20549185915442783,0.0,68.48,78.20233748462411,0.0
red_bull,11,2022,0.9999999999965967,0.9999999999973878,0.0,293.83140000000003,387.27340331552637,0.0
mclaren,11,2022,0.16570318897107084,0.23684147292490204,0.0,48.68880000000001,95.13483521402244,0.0
ferrari,11,2022,0.7500515601778774,0.8111772301198432,0.0,220.38870000000003,314.99167984636534,0.0
mercedes,11,2022,0.6597205063833895,0.7912258725448416,0.0,193.84660000000002,307.35426137185686,0.0
sauber,11,2022,0.0,0.0,0.0,0.0,4.47145884744978,0.0
haas,11,2022,0.048601000437500555,0.04702979031572416,0.0,14.280500000000004,22.474554028281933,0.0
aston_martin,11,2022,0.07735456455614563,0.09099871095845385,0.0,22.729200000000006,39.305942346525384,0.0
rb,11,2022,0.0,0.025258544774526576,0.0,0.0,14.140478901597787,0.0
williams,11,2022,0.0,0.018982985507336708,0.0,0.0,11.738182611486572,0.0
alpine,11,2022,0.26600628795878856,0.21873159174597206,0.0,78.161,88.20233748462411,0.0
red_bull,12,2022,0.9999999999959424,0.9999999999975112,0.0,246.44390000000004,406.27340331552637,0.0
mclaren,12,2022,0.23220213606328985,0.24555226206518763,0.0,57.22480000000001,103.13483521402244,0.0
ferrari,12,2022,0.9401794891212961,0.8350388185459312,0.0,231.7015,339.99167984636534,0.0
mercedes,12,2022,0.8399343623403138,0.8210084771000791,0.0,206.99670000000003,334.35426137185686,0.0
sauber,12,2022,0.0,0.0,0.0,0.0,4.47145884744978,0.0
haas,12,2022,0.1836450405135463,0.07467135386932215,0.0,45.2582,34.47455402828193,0.0
aston_martin,12,2022,0.07094515222299702,0.08669565684930758,0.0,17.484,39.305942346525384,0.0
rb,12,2022,0.0,0.024064144505134798,0.0,0.0,14.140478901597787,0.0
williams,12,2022,0.0,0.01808533747550356,0.0,0.0,11.738182611486572,0.0
alpine,12,2022,0.3464768249473958,0.23576510751421959,0.0,85.3871,99.20233748462411,0.0
red_bull,13,2022,0.999999999996219,0.999999999997721,0.0,264.4787,443.27340331552637,0.0
mclaren,13,2022,0.22665265671592214,0.24307863196829904,0.0,59.94480000000001,111.13483521402244,0.0
ferrari,13,2022,0.7054333675993364,0.789696183817471,0.0,186.57210000000003,350.99167984636534,0.0
mercedes,13,2022,0.9176931828501967,0.8269854021806421,0.0,242.71030000000002,367.35426137185686,0.0
sauber,13,2022,0.0,0.0,0.0,0.0,4.47145884744978,0.0
haas,13,2022,0.13163252844130122,0.06837502786623713,0.0,34.814,34.47455402828193,0.0
aston_martin,13,2022,0.05874234862747457,0.08166436806116055,0.0,15.536100000000001,40.305942346525384,0.0
rb,13,2022,0.0,0.022035043773215104,0.0,0.0,14.140478901597787,0.0
williams,13,2022,0.0,0.01656037275046509,0.0,0.0,11.738182611486572,0.0
alpine,13,2022,0.36048347182453455,0.2432324650847027,0.0,95.34020000000001,111.20233748462411,0.0
red_bull,14,2022,0.9999999999962903,0.9999999999978895,0.0,269.5625,478.27340331552637,0.0
mclaren,14,2022,0.21751022490065383,0.23778580413556283,0.0,58.632600000000004,117.13483521402244,0.0
ferrari,14,2022,0.7443134708991633,0.7735726399553371,0.0,200.639,370.99167984636534,0.0
mercedes,14,2022,0.9757974495674444,0.8376554954183187,0.0,263.0384,401.35426137185686,0.0
sauber,14,2022,0.0,0.0,0.0,0.0,4.47145884744978,0.0
haas,14,2022,0.099346162763369,0.06332412842765432,0.0,26.78,34.47455402828193,0.0
aston_martin,14,2022,0.03210053327138568,0.07774236456617088,0.0,8.653100000000002,41.305942346525384,0.0
rb,14,2022,0.0,0.020407303446132376,0.0,0.0,14.140478901597787,0.0
williams,14,2022,0.0,0.015337049264708254,0.0,0.0,11.738182611486572,0.0
alpine,14,2022,0.3156618594933804,0.23792827351837068,0.0,85.09060000000001,117.20233748462411,0.0
red_bull,15,2022,0.9999999999968132,0.9999999999980688,0.0,313.7934,522.2734033155264,0.0
mclaren,15,2022,0.14373151251701366,0.2175800565640807,0.0,45.102000000000004,117.13483521402244,0.0
ferrari,15,2022,0.6300970638623052,0.7522571615645564,0.0,197.7203,393.99167984636534,0.0
mercedes,15,2022,0.6878449323641357,0.7896509599701316,0.0,215.84120000000001,413.35426137185686,0.0
sauber,15,2022,0.0,0.0,0.0,0.0,4.47145884744978,0.0
haas,15,2022,0.06564828960690171,0.0579431875475005,0.0,20.6,34.47455402828193,0.0
aston_martin,15,2022,0.05516814566509313,0.07886120153709515,0.0,17.311400000000003,45.305942346525384,0.0
rb,15,2022,0.0,0.018673201515421203,0.0,0.0,14.140478901597787,0.0
williams,15,2022,0.009101848541081165,0.015965030360233584,0.0,2.8561000000000005,12.738182611486572,0.0
alpine,15,2022,0.329706105990981,0.24861026501004613,0.0,103.45960000000001,133.2023374846241,0.0
red_bull,16,2022,0.9999999999969301,0.9999999999981943,0.0,325.73760000000004,558.2734033155264,0.0
mclaren,16,2022,0.14022513827037397,0.21427042203749183,0.0,45.6766,123.13483521402244,0.0
ferrari,16,2022,0.5461356011693272,0.7376648368227726,0.0,177.89690000000002,412.99167984636534,0.0
mercedes,16,2022,0.7349688829268253,0.7924905409011499,0.0,239.40700000000004,443.35426137185686,0.0
sauber,16,2022,0.0,0.0,0.0,0.0,4.47145884744978,0.0
haas,16,2022,0.03683946833267992,0.05417657969690908,0.0,12.0,34.47455402828193,0.0
aston_martin,16,2022,0.0449260386272726,0.07554051392719797,0.0,14.6341,46.305942346525384,0.0
rb,16,2022,0.0,0.017459346523995292,0.0,0.0,14.140478901597787,0.0
williams,16,2022,0.006744692660574816,0.01492722054625865,0.0,2.197,12.738182611486572,0.0
alpine,16,2022,0.308386259368558,0.25050630468654994,0.0,100.453,143.2023374846241,0.0
red_bull,17,2022,0.9999999999969975,0.9999999999982988,0.0,333.0594,592.2734033155264,0.0
mclaren,17,2022,0.13846959431219036,0.21208398090478078,0.0,46.1186,129.13483521402244,0.0
ferrari,17,2022,0.6103896181863945,0.7460339747514828,0.0,203.29600000000002,442.99167984636534,0.0
mercedes,17,2022,0.704956833523675,0.7891821503642734,0.0,234.79250000000002,468.35426137185686,0.0
sauber,17,2022,0.0,0.0,0.0,0.0,4.47145884744978,0.0
haas,17,2022,0.0,0.051042864800204084,0.0,0.0,34.47455402828193,0.0
aston_martin,17,2022,0.03379877583387889,0.07117105326499384,0.0,11.257000000000001,46.305942346525384,0.0
rb,17,2022,0.0,0.01644945231149483,0.0,0.0,14.140478901597787,0.0
williams,17,2022,0.022224864393491903,0.017466297722628425,0.0,7.4022000000000014,14.738182611486572,0.0
alpine,17,2022,0.2065997837016262,0.2360163656186625,0.0,68.81,143.2023374846241,0.0
red_bull,18,2022,0.9999999999968382,0.999999999998384,0.0,316.2771,623.2734033155264,0.0
mclaren,18,2022,0.29137803527257783,0.23701182208211674,0.0,92.15620000000001,151.13483521402244,0.0
ferrari,18,2022,0.7656934378089161,0.7619889129525496,0.0,242.17130000000003,475.99167984636534,0.0
mercedes,18,2022,0.5088487279018656,0.7528786984083058,0.0,160.93720000000002,470.35426137185686,0.0
sauber,18,2022,0.0,0.0,0.0,0.0,4.47145884744978,0.0
haas,18,2022,0.0,0.04848578038418154,0.0,0.0,34.47455402828193,0.0
aston_martin,18,2022,0.13331094789937903,0.08699792232434699,0.0,42.1632,58.305942346525384,0.0
rb,18,2022,0.0,0.01562538731587841,0.0,0.0,14.140478901597787,0.0
williams,18,2022,0.018003200358110014,0.016591292021303355,0.0,5.694,14.738182611486572,0.0
alpine,18,2022,0.1381699781611183,0.22419269990530408,0.0,43.7,143.2023374846241,0.0
red_bull,19,2022,0.9999999999970517,0.999999999998489,0.0,339.1793,666.2734033155264,0.0
mclaren,19,2022,0.20381579889986265,0.22312321322209774,0.0,69.1301,152.13483521402244,0.0
ferrari,19,2022,0.6301755443193905,0.7351447439297283,0.0,213.7425,490.99167984636534,0.0
mercedes,19,2022,0.40577181449337923,0.7251154314896852,0.0,137.6294,484.35426137185686,0.0
sauber,19,2022,0.0,0.0,0.0,0.0,4.47145884744978,0.0
haas,19,2022,0.0,0.045335459394731464,0.0,0.0,34.47455402828193,0.0
aston_martin,19,2022,0.16071971373205643,0.09343351740781246,0.0,54.512800000000006,66.30594234652538,0.0
rb,19,2022,0.0,0.01461014150072477,0.0,0.0,14.140478901597787,0.0
williams,19,2022,0.029754763925658928,0.018535339562771515,0.0,10.092200000000002,16.73818261148657,0.0
alpine,19,2022,0.23707166091728754,0.23682444566238012,0.0,80.40980000000002,161.2023374846241,0.0
red_bull,20,2022,0.9999999999969946,0.999999999998569,0.0,332.73670000000004,703.2734033155264,0.0
mclaren,20,2022,0.22848636774894837,0.22275750317901566,0.0,76.0258,160.13483521402244,0.0
ferrari,20,2022,0.5697192404668023,0.7176857834589337,0.0,189.56650000000002,505.99167984636534,0.0
mercedes,20,2022,0.5393601006425219,0.7282217895244082,0.0,179.4649,513.3542613718569,0.0
sauber,20,2022,0.0,0.0,0.0,0.0,4.47145884744978,0.0
haas,20,2022,0.01716732779997768,0.04579708948169412,0.0,5.712200000000001,36.47455402828193,0.0
aston_martin,20,2022,0.15111167478624654,0.09421050416380018,0.0,50.2804,70.30594234652538,0.0
rb,20,2022,0.0,0.013836567185705478,0.0,0.0,14.140478901597787,0.0
williams,20,2022,0.021019623023186138,0.017553934789572727,0.0,6.994,16.73818261148657,0.0
alpine,20,2022,0.2004065076073652,0.23287124474275916,0.0,66.68260000000001,167.2023374846241,0.0
red_bull,21,2022,0.9999999999970803,0.9999999999986464,0.0,342.50300000000004,743.2734033155264,0.0
mclaren,21,2022,0.22398285562396827,0.22152537306082168,0.0,76.7148,168.13483521402244,0.0
ferrari,21,2022,0.5331772276431647,0.7031928176261868,0.0,182.6148,523.9916798463653,0.0
mercedes,21,2022,0.5941907078168829,0.7307544417907316,0.0,203.51210000000003,544.3542613718569,0.0
sauber,21,2022,0.0,0.0,0.0,0.0,4.47145884744978,0.0
haas,21,2022,0.01282908470870962,0.0433175567828675,0.0,4.394,36.47455402828193,0.0
aston_martin,21,2022,0.1106793225165599,0.08910978644809343,0.0,37.908,70.30594234652538,0.0
rb,21,2022,0.0,0.013087431789444505,0.0,0.0,14.140478901597787,0.0
williams,21,2022,0.015707891609662666,0.01660353475768394,0.0,5.380000000000001,16.73818261148657,0.0
alpine,21,2022,0.1606596146598405,0.22567736845494055,0.0,55.02640000000001,171.2023374846241,0.0
red_bull,22,2022,0.9999999999963938,0.9999999999986716,0.0,277.29540000000003,757.2734033155264,0.0
mclaren,22,2022,0.19616625447015648,0.21740562384173753,0.0,54.396,168.13483521402244,0.0
ferrari,22,2022,0.7014566415429124,0.7259814151839845,0.0,194.51069999999999,550.9916798463653,0.0
mercedes,22,2022,0.9483943837476266,0.7756127714789554,0.0,262.9854,588.3542613718569,0.0
sauber,22,2022,0.0,0.0,0.0,0.0,4.47145884744978,0.0
haas,22,2022,0.012189167220184002,0.04251197199470937,0.0,3.3800000000000003,36.47455402828193,0.0
aston_martin,22,2022,0.11545846054382633,0.0887809655515854,0.0,32.0161,71.30594234652538,0.0
rb,22,2022,0.0,0.012844042347641927,0.0,0.0,14.140478901597787,0.0
williams,22,2022,0.009376282477064617,0.01629475568462839,0.0,2.6,16.73818261148657,0.0
alpine,22,2022,0.29684372694138866,0.2400775927387344,0.0,82.3134,185.2023374846241,0.0
red_bull,1,2023,0.9999999999967073,0.9999999999987387,0.0,303.702,797.2734033155264,0.0
mclaren,1,2023,0.1855012479332191,0.22031148836742723,0.0,56.33710000000001,179.13483521402244,0.0
ferrari,1,2023,0.6912104628856867,0.7271932479744351,0.9999999999772728,209.92200000000003,580.9916798463653,44.0
mercedes,1,2023,0.7550789919040538,0.7490935241362436,0.6136363636224174,229.31900000000002,598.3542613718569,27.0
sauber,1,2023,0.0,0.0,0.0,0.0,4.47145884744978,0.0
haas,1,2023,0.008561023634982448,0.04036707453116045,0.227272727267562,2.6,36.47455402828193,10.0
aston_martin,1,2023,0.09771914574122753,0.09060835937679454,0.0,29.677500000000002,76.30594234652538,0.0
rb,1,2023,0.0,0.012196009509819195,0.0,0.0,14.140478901597787,0.0
williams,1,2023,0.0065854027961403435,0.015472620683658348,0.0,2.0,16.73818261148657,0.0
alpine,1,2023,0.26491297390117646,0.23553282120444874,0.1818181818140496,80.4546,191.2023374846241,8.0
red_bull,2,2023,0.9999999999969075,0.9999999999988035,0.9999999999729731,323.3523,840.2734033155264,37.0
mclaren,2,2023,0.13164279332439682,0.20897699212404133,0.16216216215777943,42.567,179.13483521402244,6.0
ferrari,2,2023,0.5696981280152648,0.7041383726054371,0.9189189188940834,184.2132,592.9916798463653,34.0
mercedes,2,2023,0.6535521782258745,0.7296977550247514,0.29729729728926224,211.32760000000002,614.3542613718569,11.0
sauber,2,2023,0.0,0.0,0.0,0.0,4.47145884744978,0.0
haas,2,2023,0.006185204187487811,0.03829028562641279,0.054054054052593135,2.0,36.47455402828193,2.0
aston_martin,2,2023,0.2547230992318449,0.1134652582787624,0.0,82.3653,99.30594234652538,0.0
rb,2,2023,0.0,0.011568554151055514,0.0,0.0,14.140478901597787,0.0
williams,2,2023,0.00883278083994197,0.015873047259376938,0.0,2.8561000000000005,17.73818261148657,0.0
alpine,2,2023,0.16624035146752864,0.22580813539152647,0.21621621621037254,53.754200000000004,193.2023374846241,8.0
red_bull,3,2023,0.9999999999971093,0.9999999999988634,0.6666666666419753,345.93940000000003,884.2734033155264,18.0
mclaren,3,2023,0.07686317314513218,0.19852579033793186,0.6666666666419753,26.590000000000003,179.13483521402244,18.0
ferrari,3,2023,0.4918474160489038,0.6848362006775413,0.9629629629272977,170.1494,606.9916798463653,26.0
mercedes,3,2023,0.5870571550954097,0.7182102818671556,0.999999999962963,203.08620000000002,636.3542613718569,27.0
sauber,3,2023,0.0,0.0,0.0,0.0,4.47145884744978,0.0
haas,3,2023,0.008256070282806019,0.037511959809031936,0.0,2.8561000000000005,37.47455402828193,0.0
aston_martin,3,2023,0.2980941170612596,0.12484000994718883,0.0,103.1225,114.30594234652538,0.0
rb,3,2023,0.0,0.010989996231461904,0.0,0.0,14.140478901597787,0.0
williams,3,2023,0.006350823294466167,0.015079216234334081,0.03703703703566529,2.197,17.73818261148657,1.0
alpine,3,2023,0.15572264968906194,0.22133490368072123,0.22222222221399177,53.8706,199.2023374846241,6.0
red_bull,4,2023,0.9999999999970428,0.9999999999989081,0.9999999999772728,338.15760000000006,920.2734033155264,44.0
mclaren,4,2023,0.14364071663584185,0.2038250491756579,0.1363636363605372,48.5732,191.13483521402244,6.0
ferrari,4,2023,0.346104893102074,0.6579154200728611,0.0,117.03800000000001,606.9916798463653,0.0
mercedes,4,2023,0.543485641013115,0.7096324772504906,0.6136363636224174,183.78380000000004,654.3542613718569,27.0
sauber,4,2023,0.0,0.0,0.0,0.0,4.47145884744978,0.0
haas,4,2023,0.05717334166064233,0.04258900673490451,0.0,19.3336,43.47455402828193,0.0
aston_martin,4,2023,0.4626236405733225,0.1494149300790178,0.1818181818140496,156.43970000000002,141.3059423465254,8.0
rb,4,2023,0.0,0.010557981572919116,0.0,0.0,14.140478901597787,0.0
williams,4,2023,0.004997669725580624,0.014486455116371248,0.0,1.6900000000000002,17.73818261148657,0.0
alpine,4,2023,0.1134441455696591,0.21263427077572633,0.1590909090872934,38.362,199.2023374846241,7.0
red_bull,5,2023,0.999999999997313,0.9999999999989571,0.9999999999736843,372.1643,963.2734033155264,38.0
mclaren,5,2023,0.11574511579935061,0.19676991421939846,0.0,43.07620000000001,193.13483521402244,0.0
ferrari,5,2023,0.3779580685187216,0.6544836758194063,0.8684210526087258,140.66250000000002,631.9916798463653,33.0
mercedes,5,2023,0.38868666338929153,0.6913657261004715,0.47368421051385046,144.6553,667.3542613718569,18.0
sauber,5,2023,0.0,0.0,0.0,0.0,4.47145884744978,0.0
haas,5,2023,0.03996084525022964,0.040678990489980256,0.0,14.872,43.47455402828193,0.0
aston_martin,5,2023,0.45941752070131553,0.16148745253620975,0.026315789472991694,170.97880000000004,159.3059423465254,1.0
rb,5,2023,0.0,0.01008448106506719,0.0,0.0,14.140478901597787,0.0
williams,5,2023,0.003493080878516577,0.01383677185947204,0.05263157894598339,1.3,17.73818261148657,2.0
alpine,5,2023,0.050354104356462044,0.2030981265322776,0.10526315789196677,18.740000000000002,199.2023374846241,4.0
red_bull,6,2023,0.9999999999973765,0.9999999999990028,0.9999999999750001,381.17940000000004,1007.2734033155264,40.0
mclaren,6,2023,0.06473067537210896,0.18813622910001296,0.22499999999437503,24.674,193.13483521402244,9.0
ferrari,6,2023,0.34320480067825493,0.6417221511667699,0.7499999999812501,130.82260000000002,647.9916798463653,30.0
mercedes,6,2023,0.4215941365130918,0.6809747490926062,0.34999999999125003,160.70300000000003,687.3542613718569,14.0
sauber,6,2023,0.0,0.0,0.0,0.0,4.47145884744978,0.0
haas,6,2023,0.03750491238498853,0.039891321912036565,0.0,14.296100000000003,44.47455402828193,0.0
aston_martin,6,2023,0.4473418553037038,0.16935994633416152,0.024999999999375,170.51749999999998,174.3059423465254,1.0
rb,6,2023,0.0,0.00964200369522336,0.0,0.0,14.140478901597787,0.0
williams,6,2023,0.002623436628520262,0.013229655005366712,0.0,1.0,17.73818261148657,0.0
alpine,6,2023,0.0706664630877989,0.20017001337532236,0.14999999999625002,26.936600000000002,205.2023374846241,6.0
red_bull,7,2023,0.9999999999969839,0.9999999999990271,0.9999999999772728,331.54050000000007,1032.2734033155264,44.0
mclaren,7,2023,0.08309180929604952,0.18647890033480982,0.0909090909070248,27.5483,196.13483521402244,4.0
ferrari,7,2023,0.3790643978627677,0.637788461606319,0.2727272727210744,125.67520000000002,659.9916798463653,12.0
mercedes,7,2023,0.5338723323378776,0.6867887401098851,0.568181818168905,177.0003,710.3542613718569,25.0
sauber,7,2023,0.0,0.0,0.0,0.0,4.47145884744978,0.0
haas,7,2023,0.033169401626548876,0.03892101527546363,0.0,10.997,44.47455402828193,0.0
aston_martin,7,2023,0.4973292855608972,0.1827535786538172,0.0,164.8848,192.3059423465254,0.0
rb,7,2023,0.0,0.009407473984827549,0.0,0.0,14.140478901597787,0.0
williams,7,2023,0.0,0.01290786015285258,0.0,0.0,17.73818261148657,0.0
alpine,7,2023,0.23876449483475243,0.21573307953966958,0.1818181818140496,79.16010000000001,226.2023374846241,8.0
red_bull,8,2023,0.9999999999969671,0.9999999999990618,0.8620689654875149,329.71680000000003,1070.2734033155264,25.0
mclaren,8,2023,0.0642703071239795,0.17983019956118465,0.0,21.191,196.13483521402244,0.0
ferrari,8,2023,0.34716156410487076,0.6244314194138958,0.9999999999655173,114.46500000000002,669.9916798463653,29.0
mercedes,8,2023,0.6474717090525947,0.6932646411078539,0.931034482726516,213.48230000000004,743.3542613718569,27.0
sauber,8,2023,0.0,0.0,0.0,0.0,4.47145884744978,0.0
haas,8,2023,0.023323045716738353,0.03753332914095918,0.0,7.69,44.47455402828193,0.0
aston_martin,8,2023,0.4709538610089902,0.18937334891016583,0.03448275861950059,155.2814,206.3059423465254,1.0
rb,8,2023,0.0,0.009072060812353441,0.0,0.0,14.140478901597787,0.0
williams,8,2023,0.0,0.012447644548674135,0.0,0.0,17.73818261148657,0.0
alpine,8,2023,0.21399425203625053,0.2127326562067018,0.3448275861950059,70.5575,231.2023374846241,10.0
red_bull,9,2023,0.9999999999969045,0.9999999999990907,0.7037037036776406,323.0434,1104.2734033155264,19.0
mclaren,9,2023,0.02188560422524687,0.17427081060408303,0.29629629628532234,7.07,196.13483521402244,8.0
ferrari,9,2023,0.46707098798345037,0.6251309378533716,0.9259259258916324,150.88420000000002,691.9916798463653,25.0
mercedes,9,2023,0.5981007505474556,0.6854714217552507,0.999999999962963,193.21250000000003,758.3542613718569,27.0
sauber,9,2023,0.0,0.0,0.0,0.0,4.47145884744978,0.0
haas,9,2023,0.00402422708526463,0.036372999140443805,0.44444444442798353,1.3,44.47455402828193,12.0
aston_martin,9,2023,0.4822881383724841,0.20170402917969474,0.0,155.8,226.3059423465254,0.0
rb,9,2023,0.0,0.008791601163076389,0.0,0.0,14.140478901597787,0.0
williams,9,2023,0.053047361437958344,0.017518357610594785,0.0,17.1366,23.73818261148657,0.0
alpine,9,2023,0.20337638843510386,0.20979311756768937,0.40740740739231823,65.69940000000001,235.2023374846241,11.0
red_bull,10,2023,0.9999999999969926,0.9999999999991235,0.6486486486311177,332.51810000000006,1145.2734033155264,24.0
mclaren,10,2023,0.11480036725785812,0.17852649827079017,0.21621621621037254,38.1732,208.13483521402244,8.0
ferrari,10,2023,0.5145362011856962,0.6254549481250966,0.9999999999729731,171.0926,717.9916798463653,37.0
mercedes,10,2023,0.5027876677976242,0.6696015958141747,0.4324324324207451,167.186,768.3542613718569,16.0
sauber,10,2023,0.0,0.0,0.0,0.0,4.47145884744978,0.0
haas,10,2023,0.0030073550883305076,0.03506576700257062,0.13513513513148284,1.0,44.47455402828193,5.0
aston_martin,10,2023,0.42185132177640294,0.20497377711597523,0.054054054052593135,140.2732,238.3059423465254,2.0
rb,10,2023,0.0,0.008475634268530213,0.0,0.0,14.140478901597787,0.0
williams,10,2023,0.03964295477437275,0.016888754316599124,0.0,13.182,23.73818261148657,0.0
alpine,10,2023,0.16057501832182794,0.20312980685268792,0.2702702702629657,53.394099999999995,236.2023374846241,10.0
red_bull,11,2023,0.9999999999968656,0.9999999999991488,0.9999999999714286,319.0444,1179.2734033155264,35.0
mclaren,11,2023,0.3605987129052866,0.19889597345888904,0.1714285714236735,115.04700000000003,238.13483521402244,6.0
ferrari,11,2023,0.4007915512687238,0.6099072480874465,0.5714285714122449,127.87030000000001,720.9916798463653,20.0
mercedes,11,2023,0.5786733758668742,0.6715028062716765,0.9714285714008164,184.6225,793.3542613718569,34.0
sauber,11,2023,0.0,0.0,0.0,0.0,4.47145884744978,0.0
haas,11,2023,0.0,0.03405092694063473,0.0,0.0,44.47455402828193,0.0
aston_martin,11,2023,0.3557517386283673,0.20414886494545517,0.028571428570612248,113.5006,244.3059423465254,1.0
rb,11,2023,0.0,0.008230340526477156,0.0,0.0,14.140478901597787,0.0
williams,11,2023,0.0675905924063623,0.01980480528958575,0.0,21.564400000000003,27.73818261148657,0.0
alpine,11,2023,0.11426936188156173,0.19725101726989355,0.1714285714236735,36.457,236.2023374846241,6.0
red_bull,12,2023,0.999999999997087,0.9999999999991775,0.9999999999772728,343.28810000000004,1220.2734033155264,44.0
mclaren,12,2023,0.48402726456150375,0.21521875134098212,0.0,166.1608,266.1348352140225,0.0
ferrari,12,2023,0.3428374010041629,0.5975646151118607,0.5227272727153927,117.69200000000001,730.9916798463653,23.0
mercedes,12,2023,0.5285560437413107,0.6653080349181665,0.2727272727210744,181.44700000000003,813.3542613718569,12.0
sauber,12,2023,0.0,0.0,0.0,0.0,4.47145884744978,0.0
haas,12,2023,0.0,0.03290264122607645,0.0,0.0,44.47455402828193,0.0
aston_martin,12,2023,0.23895468558263758,0.1997319420352778,0.0909090909070248,82.03030000000001,247.3059423465254,4.0
rb,12,2023,0.0,0.007952792062995368,0.0,0.0,14.140478901597787,0.0
williams,12,2023,0.04832092927180313,0.019136935805935923,0.0227272727267562,16.588,27.73818261148657,1.0
alpine,12,2023,0.03463563112139734,0.1905992005452565,0.3636363636280992,11.889999999999999,236.2023374846241,16.0
red_bull,13,2023,0.999999999997204,0.9999999999992056,0.9999999999722223,357.64930000000004,1263.2734033155264,36.0
mclaren,13,2023,0.4052925589385879,0.212633430971911,0.16666666666203706,144.95260000000002,272.1348352140225,6.0
ferrari,13,2023,0.351409886723247,0.589068220189051,0.5277777777631173,125.68150000000001,745.9916798463653,19.0
mercedes,13,2023,0.4869801227054352,0.6592639979392675,0.8333333333101852,174.1681,834.3542613718569,30.0
sauber,13,2023,0.0,0.0,0.0,0.0,4.47145884744978,0.0
haas,13,2023,0.0,0.03177870462990444,0.0,0.0,44.47455402828193,0.0
aston_martin,13,2023,0.2421483839050093,0.2024420796446711,0.027777777777006175,86.6042,259.3059423465254,1.0
rb,13,2023,0.0,0.007681128946957655,0.0,0.0,14.140478901597787,0.0
williams,13,2023,0.03567740800824809,0.018483228331721373,0.0,12.760000000000002,27.73818261148657,0.0
alpine,13,2023,0.0467620095997762,0.18726605855109182,0.27777777777006174,16.724400000000003,240.2023374846241,10.0
red_bull,14,2023,0.9999999999971803,0.9999999999992283,0.9999999999705883,354.6367,1300.2734033155264,34.0
mclaren,14,2023,0.37884065580246257,0.21273573291288672,0.17647058823010384,134.35080000000002,280.1348352140225,6.0
ferrari,14,2023,0.3054280620130251,0.579965344400554,0.8823529411505191,108.316,755.9916798463653,30.0
mercedes,14,2023,0.4096750279922815,0.6466133239734482,0.7352941176254326,145.28580000000002,842.3542613718569,25.0
sauber,14,2023,0.0,0.0,0.0,0.0,4.47145884744978,0.0
haas,14,2023,0.0,0.030871303559605667,0.0,0.0,44.47455402828193,0.0
aston_martin,14,2023,0.2974872594959927,0.21132433445396062,0.0,105.49990000000001,278.3059423465254,0.0
rb,14,2023,0.0,0.007461803939574773,0.0,0.0,14.140478901597787,0.0
williams,14,2023,0.04687726904731835,0.021042354412586308,0.05882352941003461,16.6244,31.73818261148657,2.0
alpine,14,2023,0.15645758039098476,0.19426647699646332,0.0,55.485600000000005,256.2023374846241,0.0
red_bull,15,2023,0.9999999999972533,0.999999999999253,0.939393939365473,364.07130000000006,1343.2734033155264,31.0
mclaren,15,2023,0.28988937057029796,0.20889077545930645,0.6666666666464647,105.54040000000002,284.1348352140225,22.0
ferrari,15,2023,0.385734058135355,0.5815051466090082,0.9999999999696971,140.43470000000002,782.9916798463653,33.0
mercedes,15,2023,0.4270476689581765,0.6392900802544182,0.06060606060422406,155.47580000000002,860.3542613718569,2.0
sauber,15,2023,0.0,0.0,0.0,0.0,4.47145884744978,0.0
haas,15,2023,0.0,0.02987977075033008,0.0,0.0,44.47455402828193,0.0
aston_martin,15,2023,0.2132417468770176,0.2060308357323624,0.3636363636253444,77.6352,280.3059423465254,12.0
rb,15,2023,0.0,0.007222143718937018,0.0,0.0,14.140478901597787,0.0
williams,15,2023,0.0821943394052698,0.024848129255764746,0.0,29.9246,37.73818261148657,0.0
alpine,15,2023,0.11512030747791675,0.1880269741742885,0.0,41.912,256.2023374846241,0.0
red_bull,16,2023,0.9999999999965974,0.9999999999992608,0.9999999999767443,293.88640000000004,1357.2734033155264,43.0
mclaren,16,2023,0.4309638009774152,0.22446994374017484,0.02325581395294754,126.65440000000001,308.1348352140225,1.0
ferrari,16,2023,0.7193075283486432,0.6028378539321041,0.34883720929421314,211.39470000000003,819.9916798463653,15.0
mercedes,16,2023,0.4970070067873266,0.6445014409456575,0.32558139534126557,146.0636,876.3542613718569,14.0
sauber,16,2023,0.0,0.0,0.0,0.0,4.47145884744978,0.0
haas,16,2023,0.009718380979828538,0.030309754763787177,0.0,2.8561000000000005,45.47455402828193,0.0
aston_martin,16,2023,0.18750102080195782,0.20389864505061028,0.18604651162358032,55.104000000000006,280.3059423465254,8.0
rb,16,2023,0.0,0.0071474025400981595,0.0,0.0,14.140478901597787,0.0
williams,16,2023,0.06785615122010458,0.0245909786721165,0.04651162790589508,19.942,37.73818261148657,2.0
alpine,16,2023,0.18744930013710248,0.19199475555093828,0.41860465115305573,55.088800000000006,264.2023374846241,18.0
red_bull,17,2023,0.9999999999962796,0.9999999999992747,0.0,268.7866,1383.2734033155264,0.0
mclaren,17,2023,0.6329902606728424,0.24417094689854735,0.0,170.13930000000002,341.1348352140225,0.0
ferrari,17,2023,0.7888823326728754,0.6059755168974919,0.0,212.041,839.9916798463653,0.0
mercedes,17,2023,0.530791341530676,0.6439523864076769,0.0,142.6696,892.3542613718569,0.0
sauber,17,2023,0.0,0.0,0.0,0.0,4.47145884744978,0.0
haas,17,2023,0.00817377056740115,0.02973820521889448,0.0,2.197,45.47455402828193,0.0
aston_martin,17,2023,0.1916181833462248,0.2029548077021527,0.0,51.504400000000004,284.3059423465254,0.0
rb,17,2023,0.0,0.007012624324279709,0.0,0.0,14.140478901597787,0.0
williams,17,2023,0.057071297452860104,0.024127267804838006,0.0,15.34,37.73818261148657,0.0
alpine,17,2023,0.18953437410871848,0.1905501219309216,0.0,50.944300000000005,267.2023374846241,0.0
red_bull,18,2023,0.9999999999960127,0.9999999999992887,0.9999999999729731,250.79670000000004,1410.2734033155264,37.0
mclaren,18,2023,0.8792472149718109,0.2629555164729709,0.21621621621037254,220.51230000000004,374.1348352140225,8.0
ferrari,18,2023,0.7182351282902915,0.6014504563217401,0.4054054053944485,180.131,849.9916798463653,15.0
mercedes,18,2023,0.5098360544596088,0.640120613052831,0.7837837837626005,127.86520000000002,904.3542613718569,29.0
sauber,18,2023,0.0,0.0,0.0,0.0,4.47145884744978,0.0
haas,18,2023,0.006738525666379428,0.029167049698681148,0.054054054052593135,1.6900000000000002,45.47455402828193,2.0
aston_martin,18,2023,0.21227073561888066,0.2047475354771834,0.10810810810518627,53.2368,292.3059423465254,4.0
rb,18,2023,0.0,0.006877939024191396,0.0,0.0,14.140478901597787,0.0
williams,18,2023,0.047050060865844526,0.023663876618552054,0.0,11.8,37.73818261148657,0.0
alpine,18,2023,0.21231379838645278,0.19115842007080508,0.16216216215777943,53.247600000000006,273.2023374846241,6.0
red_bull,19,2023,0.9999999999962982,0.9999999999993069,0.9999999999750001,270.1347,1447.2734033155264,40.0
mclaren,19,2023,0.7954579696692227,0.26868786658672367,0.199999999995,214.88080000000002,392.1348352140225,8.0
ferrari,19,2023,0.6430551128727888,0.5964229701087425,0.44999999998875007,173.7115,864.9916798463653,18.0
mercedes,19,2023,0.4470547471300539,0.6306359691379724,0.7749999999806251,120.76500000000001,914.3542613718569,31.0
sauber,19,2023,0.0,0.0,0.0,0.0,4.47145884744978,0.0
haas,19,2023,0.004812413954946135,0.028419073967855306,0.0,1.3,45.47455402828193,0.0
aston_martin,19,2023,0.1609293437675318,0.2036554529368902,0.0,43.4726,298.3059423465254,0.0
rb,19,2023,0.0,0.006701557404475235,0.0,0.0,14.140478901597787,0.0
williams,19,2023,0.0539297617075706,0.02513631472640013,0.0,14.5683,40.73818261148657,0.0
alpine,19,2023,0.1906485912391461,0.19180101586223325,0.0999999999975,51.500800000000005,281.2023374846241,4.0
red_bull,20,2023,0.999999999995937,0.9999999999993188,0.3181818181745868,246.12150000000003,1472.2734033155264,14.0
mclaren,20,2023,0.821551144451738,0.2736495736908563,0.0,202.2014,406.1348352140225,0.0
ferrari,20,2023,0.7718533325988511,0.6046593849689601,0.6136363636224174,189.96970000000002,891.9916798463653,27.0
mercedes,20,2023,0.6345024713377966,0.6382896589384817,0.9999999999772728,156.1647,941.3542613718569,44.0
sauber,20,2023,0.0,0.0,0.0,0.0,4.47145884744978,0.0
haas,20,2023,0.0040630339080329715,0.02793503260800183,0.0,1.0,45.47455402828193,0.0
aston_martin,20,2023,0.12961890773406784,0.20018673814017837,0.0227272727267562,31.902,298.3059423465254,1.0
rb,20,2023,0.0,0.006587414664888879,0.0,0.0,14.140478901597787,0.0
williams,20,2023,0.049988318777311254,0.02607076786362916,0.0,12.3032,42.73818261148657,0.0
alpine,20,2023,0.17256558244536715,0.18921549987292957,0.3181818181745868,42.4721,282.2023374846241,14.0
red_bull,21,2023,0.9999999999964818,0.9999999999993354,0.0,284.2307,1509.2734033155264,0.0
mclaren,21,2023,0.6731992708716082,0.2795473370517148,0.0,191.34390000000002,425.1348352140225,0.0
ferrari,21,2023,0.4943793896982474,0.5951083624595346,0.0,140.51780000000002,899.9916798463653,0.0
mercedes,21,2023,0.41953033222512726,0.6252535797037191,0.0,119.24340000000001,945.3542613718569,0.0
sauber,21,2023,0.0,0.0,0.0,0.0,4.47145884744978,0.0
haas,21,2023,0.0,0.027248167329620803,0.0,0.0,45.47455402828193,0.0
aston_martin,21,2023,0.33755150305601217,0.21187803795107846,0.0,95.94250000000002,323.3059423465254,0.0
rb,21,2023,0.0,0.0064254436204622435,0.0,0.0,14.140478901597787,0.0
williams,21,2023,0.03329689579614976,0.02542974103980045,0.0,9.464,42.73818261148657,0.0
alpine,21,2023,0.16363362578298674,0.18921485294706536,0.0,46.5097,289.2023374846241,0.0
red_bull,22,2023,0.999999999996804,0.9999999999993526,0.9999999999750001,312.88300000000004,1549.2734033155264,40.0
mclaren,22,2023,0.40754914776319723,0.27360360198914385,0.274999999993125,127.5152,427.1348352140225,11.0
ferrari,22,2023,0.5336326997614648,0.5965296873804927,0.7499999999812501,166.96460000000002,925.9916798463653,30.0
mercedes,22,2023,0.3451098333870964,0.615537031092494,0.24999999999375003,107.979,955.3542613718569,10.0
sauber,22,2023,0.0,0.0,0.0,0.0,4.47145884744978,0.0
haas,22,2023,0.0,0.02654262271460582,0.0,0.0,45.47455402828193,0.0
aston_martin,22,2023,0.33558294953597484,0.21415980519935074,0.12499999999687501,104.99820000000001,335.3059423465254,5.0
rb,22,2023,0.0,0.006259067765137422,0.0,0.0,14.140478901597787,0.0
williams,22,2023,0.02326748337230445,0.024771281458471007,0.0,7.280000000000001,42.73818261148657,0.0
alpine,22,2023,0.2165096857284783,0.1920834445474212,0.14999999999625002,67.7422,301.2023374846241,6.0
red_bull,1,2024,0.9999999999969553,0.9999999999993682,0.9999999999883721,328.4418,1587.2734033155264,86.0
mclaren,1,2024,0.37788673670532236,0.2784071487316662,0.0,124.11380000000003,445.1348352140225,0.0
ferrari,1,2024,0.5241470482730148,0.5935804061158526,0.7906976744094104,172.1518,943.9916798463653,68.0
mercedes,1,2024,0.3726191367835257,0.6114996294429412,0.6860465116199297,122.3837,972.3542613718569,59.0
sauber,1,2024,0.0,0.0,0.0,0.0,4.47145884744978,0.0
haas,1,2024,0.0,0.02590538590384783,0.11627906976608977,0.0,45.47455402828193,10.0
aston_martin,1,2024,0.2880470756149551,0.2134407811916079,0.5348837209240129,94.6067,342.3059423465254,46.0
rb,1,2024,0.0,0.006108799706707027,0.0,0.0,14.140478901597787,0.0
williams,1,2024,0.017050204937322077,0.024176571110337306,0.023255813953217956,5.6,42.73818261148657,2.0
alpine,1,2024,0.14460400594520978,0.18747189417732713,0.13953488371930772,47.494,301.2023374846241,12.0
red_bull,2,2024,0.9999999999971417,0.9999999999993853,0.999999999992,349.8544,1631.2734033155264,125.0
mclaren,2,2024,0.3312783832350507,0.2782535255170869,0.047999999999615996,115.89920000000001,457.1348352140225,6.0
ferrari,2,2024,0.5659517216288663,0.594122858215755,0.495999999996032,198.0007,970.9916798463653,62.0
mercedes,2,2024,0.3777188453242901,0.6047956887865089,0.43999999999648,132.14660000000003,988.3542613718569,55.0
sauber,2,2024,0.0,0.0,0.0,0.0,4.47145884744978,0.0
haas,2,2024,0.0,0.025204724717865966,0.031999999999744,0.0,45.47455402828193,4.0
aston_martin,2,2024,0.21931209097207496,0.20951197203683602,0.23999999999808,76.72730000000001,345.3059423465254,30.0
rb,2,2024,0.0,0.005943575422331813,0.0,0.0,14.140478901597787,0.0
williams,2,2024,0.005716663846429496,0.023522669058848172,0.0,2.0,42.73818261148657,0.0
alpine,2,2024,0.08683612382726405,0.18240135478447286,0.15999999999872,30.380000000000003,301.2023374846241,20.0
red_bull,3,2024,0.9999999999973169,0.9999999999994011,0.9999999999888889,372.7003000000001,1674.2734033155264,90.0
mclaren,3,2024,0.33292594612793996,0.2806700386946711,0.4666666666614815,124.08160000000001,473.1348352140225,42.0
ferrari,3,2024,0.5215268139024263,0.5919984847743254,0.288888888885679,194.3732,992.9916798463653,26.0
mercedes,3,2024,0.29364881112171454,0.5952099923086496,0.6999999999922222,109.44300000000001,998.3542613718569,63.0
sauber,3,2024,0.0,0.0,0.0,0.0,4.47145884744978,0.0
haas,3,2024,0.0076632618755400434,0.025154537231172815,0.13333333333185185,2.8561000000000005,46.47455402828193,12.0
aston_martin,3,2024,0.23499310303685028,0.2101054467334601,0.5999999999933333,87.58200000000002,355.3059423465254,54.0
rb,3,2024,0.0,0.005790519100887938,0.0,0.0,14.140478901597787,0.0
williams,3,2024,0.0,0.02291692370510679,0.011111111110987655,0.0,42.73818261148657,1.0
alpine,3,2024,0.06063853450061446,0.1777042358945879,0.06666666666592592,22.6,301.2023374846241,6.0
red_bull,4,2024,0.9999999999965132,0.9999999999994047,0.9999999999894736,286.79200000000003,1684.2734033155264,95.0
mclaren,4,2024,0.5507360735287221,0.2950725101840703,0.705263157887313,157.94670000000002,500.1348352140225,67.0
ferrari,4,2024,0.9380749811677521,0.6146678329541148,0.5789473684149584,269.03240000000005,1036.9916798463653,55.0
mercedes,4,2024,0.2828182097119765,0.5916666579633808,0.4842105263106925,81.11,998.3542613718569,46.0
sauber,4,2024,0.0,0.0,0.0,0.0,4.47145884744978,0.0
haas,4,2024,0.03753696058454372,0.026790715017927885,0.0,10.7653,49.47455402828193,0.0
aston_martin,4,2024,0.2873622695183709,0.21599837093518442,0.16842105262980608,82.4132,367.3059423465254,16.0
rb,4,2024,0.05975271276723287,0.009327897318930899,0.0,17.1366,20.14047890159779,0.0
williams,4,2024,0.0,0.022780497361628838,0.02105263157872576,0.0,42.73818261148657,2.0
alpine,4,2024,0.041842171329598304,0.17664634787106406,0.2526315789447091,12.0,301.2023374846241,24.0
red_bull,5,2024,0.9999999999968305,0.9999999999994199,0.0,315.50840000000005,1728.2734033155264,0.0
mclaren,5,2024,0.5069418120072018,0.29566237467236806,0.0,159.9444,514.1348352140225,0.0
ferrari,5,2024,0.8369434854956731,0.6146415047264858,0.0,264.0627,1063.9916798463653,0.0
mercedes,5,2024,0.24578996945803724,0.581205286221546,0.0,77.5488,1006.3542613718569,0.0
sauber,5,2024,0.0,0.0,0.0,0.0,4.47145884744978,0.0
haas,5,2024,0.026246527826117316,0.026106882710758807,0.0,8.281,49.47455402828193,0.0
aston_martin,5,2024,0.24409112403903002,0.21512592249296428,0.0,77.0128,375.3059423465254,0.0
rb,5,2024,0.050832561034663944,0.009669916029293025,0.0,16.0381,21.14047890159779,0.0
williams,5,2024,0.0,0.02219902575630449,0.0,0.0,42.73818261148657,0.0
alpine,5,2024,0.0,0.17213745441537145,0.0,0.0,301.2023374846241,0.0
red_bull,6,2024,0.9999999999969486,0.999999999999433,0.9999999999920635,327.71200000000005,1768.2734033155264,126.0
mclaren,6,2024,0.5249188311672294,0.3014303153671878,0.0,172.02220000000003,536.1348352140225,0.0
ferrari,6,2024,0.7693132994801248,0.6131755463760217,0.5158730158689216,252.1132,1085.9916798463653,65.0
mercedes,6,2024,0.22927753637270137,0.573694118944287,0.460317460313807,75.137,1016.3542613718569,58.0
sauber,6,2024,0.0,0.0,0.0,0.0,4.47145884744978,0.0
haas,6,2024,0.02815307343024316,0.02608178051117841,0.015873015872889897,9.2261,50.47455402828193,2.0
aston_martin,6,2024,0.22534634068869816,0.21421593545912998,0.24603174602979339,73.84870000000001,382.3059423465254,31.0
rb,6,2024,0.037645859779203546,0.009450618935089996,0.0,12.337,21.14047890159779,0.0
williams,6,2024,0.0,0.02169558996350664,0.015873015872889897,0.0,42.73818261148657,2.0
alpine,6,2024,0.0,0.16823367247533766,0.12698412698311917,0.0,301.2023374846241,16.0
red_bull,7,2024,0.9999999999967097,0.9999999999994426,0.9999999999772728,303.923,1798.2734033155264,44.0
mclaren,7,2024,0.6399532118311548,0.3103259967372441,0.340909090901343,194.49650000000003,561.1348352140225,15.0
ferrari,7,2024,0.8046988875445271,0.616857521205564,0.1818181818140496,244.56650000000002,1110.9916798463653,8.0
mercedes,7,2024,0.2624454220303747,0.5707892143173323,0.2727272727210744,79.76320000000001,1028.3542613718569,12.0
sauber,7,2024,0.0,0.0,0.0,0.0,4.47145884744978,0.0
haas,7,2024,0.023351309377627392,0.025645582179613474,0.0454545454535124,7.097,50.47455402828193,2.0
aston_martin,7,2024,0.19811333791717606,0.21174828395645307,0.113636363633781,60.21120000000001,384.3059423465254,5.0
rb,7,2024,0.08760969061213661,0.012637415253141287,0.0,26.626600000000003,27.14047890159779,0.0
williams,7,2024,0.0,0.021332747398354977,0.0,0.0,42.73818261148657,0.0
alpine,7,2024,0.0093974460636102,0.1659775648895819,0.0,2.8561000000000005,302.2023374846241,0.0
red_bull,8,2024,0.9999999999964732,0.9999999999994514,0.9999999999888889,283.5369,1827.2734033155264,90.0
mclaren,8,2024,0.7864514283651037,0.32184702136547744,0.1666666666648148,222.98800000000003,591.1348352140225,15.0
ferrari,8,2024,0.8556470074940665,0.6207587304985517,0.5999999999933333,242.60750000000002,1135.9916798463653,54.0
mercedes,8,2024,0.34036310617651405,0.5699372911449248,0.6666666666592592,96.50550000000001,1043.3542613718569,60.0
sauber,8,2024,0.0,0.0,0.0,0.0,4.47145884744978,0.0
haas,8,2024,0.016541056913521517,0.025237571926242028,0.0,4.69,50.47455402828193,0.0
aston_martin,8,2024,0.15636835981434388,0.2094766711532622,0.4111111111065432,44.336200000000005,386.3059423465254,37.0
rb,8,2024,0.08231062694103551,0.012984965330965801,0.0,23.3381,28.14047890159779,0.0
williams,8,2024,0.0,0.020993352503353102,0.0,0.0,42.73818261148657,0.0
alpine,8,2024,0.00774855054136605,0.16333693275924924,0.5333333333274074,2.197,302.2023374846241,48.0
red_bull,9,2024,0.8735775356777099,0.9999999999994538,0.9999999999892473,233.2618,1835.2734033155264,93.0
mclaren,9,2024,0.8854912946236579,0.33682691796867303,0.0,236.443,621.1348352140225,0.0
ferrari,9,2024,0.999999999996255,0.6398945689008706,0.7849462365506995,267.019,1175.9916798463653,73.0
mercedes,9,2024,0.45985004812219415,0.5767324017293459,0.6129032257998612,122.7887,1060.3542613718569,57.0
sauber,9,2024,0.0,0.0,0.0,0.0,4.47145884744978,0.0
haas,9,2024,0.004868567405297494,0.02512729206990919,0.0,1.3,50.47455402828193,0.0
aston_martin,9,2024,0.09315441972259221,0.20856132726568943,0.440860215049023,24.874000000000002,386.3059423465254,41.0
rb,9,2024,0.09273272688425643,0.015113060229009035,0.0,24.761400000000002,32.14047890159779,0.0
williams,9,2024,0.02139248517887719,0.02199403593910533,0.12903225806312868,5.712200000000001,44.73818261148657,12.0
alpine,9,2024,0.01702538021632534,0.16316941302124563,0.19354838709469302,4.546100000000001,303.2023374846241,18.0
red_bull,10,2024,0.8642178135450252,0.9999999999994612,0.9999999999916667,216.9885,1860.2734033155264,120.0
mclaren,10,2024,0.9999999999960173,0.3473772501898113,0.033333333333055555,251.0808,649.1348352140225,4.0
ferrari,10,2024,0.7353409738986998,0.6312743795157914,0.26666666666444444,184.63,1175.9916798463653,32.0
mercedes,10,2024,0.6701818697380678,0.5840509035755393,0.7583333333270139,168.26980000000003,1088.3542613718569,91.0
sauber,10,2024,0.0,0.0,0.0,0.0,4.47145884744978,0.0
haas,10,2024,0.003982781638404917,0.02478879565674402,0.0,1.0,50.47455402828193,0.0
aston_martin,10,2024,0.2109496225907718,0.2132956507987275,0.2333333333313889,52.9654,400.3059423465254,28.0
rb,10,2024,0.1182981733365582,0.01706487060676518,0.0,29.7024,36.14047890159779,0.0
williams,10,2024,0.017500342519151203,0.021697748449960072,0.0,4.394,44.73818261148657,0.0
alpine,10,2024,0.04805345530184684,0.1625878664134583,0.14999999999875,12.0653,306.2023374846241,18.0
red_bull,11,2024,0.8843115518392837,0.9999999999994694,0.9999999999900989,218.9719,1889.2734033155264,101.0
mclaren,11,2024,0.9999999999959616,0.3552964163325967,0.3168316831651799,247.61850000000004,674.1348352140225,32.0
ferrari,11,2024,0.7128296149087696,0.6311115204913412,0.7623762376162141,176.5098,1193.9916798463653,77.0
mercedes,11,2024,0.8030930645294956,0.5893896734265773,0.46534653464885795,198.8607,1115.3542613718569,47.0
sauber,11,2024,0.0,0.0,0.0,0.0,4.47145884744978,0.0
haas,11,2024,0.0,0.024407389495658974,0.11881188118694246,0.0,50.47455402828193,12.0
aston_martin,11,2024,0.14279223886687467,0.21001383443000263,0.2376237623738849,35.358000000000004,400.3059423465254,24.0
rb,11,2024,0.0922709732912029,0.016802306548483928,0.0,22.848,36.14047890159779,0.0
williams,11,2024,0.013650030187511635,0.021363901858335248,0.0,3.3800000000000003,44.73818261148657,0.0
alpine,11,2024,0.07208387095442349,0.16167793095258767,0.12871287128585432,17.8493,309.2023374846241,13.0
red_bull,12,2024,0.7660358431128316,0.9999999999994739,0.9999999999891304,191.06060000000002,1905.2734033155264,92.0
mclaren,12,2024,0.8927092108007559,0.3617753960992752,0.7391304347745746,222.65480000000002,692.1348352140225,68.0
ferrari,12,2024,0.6390461348082568,0.6336905454583573,0.46739130434274573,159.3875,1208.9916798463653,43.0
mercedes,12,2024,0.9999999999959907,0.6038939542673019,0.7173913043400283,249.41470000000004,1152.3542613718569,66.0
sauber,12,2024,0.0,0.0,0.0,0.0,4.47145884744978,0.0
haas,12,2024,0.1374145148616444,0.03051506515426746,0.054347826086365784,34.2732,62.47455402828193,5.0
aston_martin,12,2024,0.10288086467997724,0.2082460430192996,0.15217391304182418,25.660000000000004,400.3059423465254,14.0
rb,12,2024,0.07486407176451564,0.017713060612189288,0.0,18.672200000000004,38.14047890159779,0.0
williams,12,2024,0.010424405618392082,0.021184071218573963,0.08695652173818526,2.6,44.73818261148657,8.0
alpine,12,2024,0.06341687157948822,0.16084310073797284,0.10869565217273157,15.8171,310.2023374846241,10.0
red_bull,13,2024,0.6994706451348038,0.9999999999994789,0.999999999991453,176.07180000000002,1923.2734033155264,117.0
mclaren,13,2024,0.8950792840464755,0.37245291439618416,0.5299145299100008,225.3107,719.1348352140225,62.0
ferrari,13,2024,0.5354810772995732,0.6334787310918867,0.34188034187741984,134.7921,1219.9916798463653,40.0
mercedes,13,2024,0.9999999999960274,0.6112578767731748,0.6324786324732267,251.72150000000005,1177.3542613718569,74.0
sauber,13,2024,0.0,0.0,0.0,0.0,4.47145884744978,0.0
haas,13,2024,0.19550495289359268,0.03439807603441578,0.0,49.2128,70.47455402828193,0.0
aston_martin,13,2024,0.18576482342515135,0.21150410268703795,0.05982905982854847,46.76100000000001,410.3059423465254,7.0
rb,13,2024,0.06535039716486135,0.018068055514578272,0.0,16.4501,39.14047890159779,0.0
williams,13,2024,0.030637827916842074,0.02202766360846679,0.0,7.712200000000001,46.73818261148657,0.0
alpine,13,2024,0.048335164060088885,0.15933425516814798,0.05128205128161297,12.167000000000002,310.2023374846241,6.0
red_bull,14,2024,0.640845145213955,0.9999999999994832,0.9999999999923078,174.98360000000002,1939.2734033155264,130.0
mclaren,14,2024,0.9999999999963377,0.3915973821157602,0.09230769230698226,273.0513,762.1348352140225,12.0
ferrari,14,2024,0.4762438413570042,0.6385771032176376,0.40769230768917164,130.03900000000002,1239.9916798463653,53.0
mercedes,14,2024,0.8704481538785187,0.6165400060375392,0.41538461538142013,237.67700000000002,1197.3542613718569,54.0
sauber,14,2024,0.0,0.0,0.0,0.0,4.47145884744978,0.0
haas,14,2024,0.13864061441883396,0.03411361838327275,0.0,37.856,70.47455402828193,0.0
aston_martin,14,2024,0.14219342665593535,0.2102719012982561,0.2153846153829586,38.8261,411.3059423465254,28.0
rb,14,2024,0.055993873678477295,0.018952337813682656,0.0,15.289200000000003,41.14047890159779,0.0
williams,14,2024,0.016092214173614658,0.021845504075940488,0.007692307692248521,4.394,46.73818261148657,1.0
alpine,14,2024,0.03145928988423985,0.15801662775414932,0.1846153846139645,8.59,310.2023374846241,24.0
red_bull,15,2024,0.6318648737013277,0.9999999999994882,0.999999999990909,169.6379,1958.2734033155264,110.0
mclaren,15,2024,0.9999999999962752,0.4021202755942941,0.1999999999981818,268.47180000000003,790.1348352140225,22.0
ferrari,15,2024,0.6172726520974744,0.6441390973950044,0.3545454545422314,165.7203,1262.9916798463653,39.0
mercedes,15,2024,0.8667297645381498,0.623339948029048,0.41818181817801653,232.6925,1222.3542613718569,46.0
sauber,15,2024,0.0,0.0,0.0,0.0,4.47145884744978,0.0
haas,15,2024,0.10846576809888986,0.033781876084050956,0.0,29.120000000000005,70.47455402828193,0.0
aston_martin,15,2024,0.11368568318864893,0.2102743753849192,0.3545454545422314,30.521400000000003,415.3059423465254,39.0
rb,15,2024,0.04298440283097524,0.019279855955094842,0.0,11.540100000000002,42.14047890159779,0.0
williams,15,2024,0.012589776654335428,0.021633064642855748,0.07272727272661157,3.3800000000000003,46.73818261148657,8.0
alpine,15,2024,0.03729330231317668,0.15750361980563835,0.3818181818147107,10.0122,312.2023374846241,42.0
red_bull,16,2024,0.6167363830012369,0.999999999999495,0.9999999999916667,182.44160000000005,1984.2734033155264,120.0
mclaren,16,2024,0.9999999999966196,0.41603321921549813,0.11666666666569445,295.81780000000003,828.1348352140225,14.0
ferrari,16,2024,0.625498195170725,0.6483073847788936,0.6999999999941666,185.0335,1287.9916798463653,84.0
mercedes,16,2024,0.6314224498977702,0.6202048674387419,0.5083333333290972,186.78600000000003,1232.3542613718569,61.0
sauber,16,2024,0.0,0.0,0.0,0.0,4.47145884744978,0.0
haas,16,2024,0.07572228581215963,0.033338231314108645,0.0,22.4,70.47455402828193,0.0
aston_martin,16,2024,0.08902135030383898,0.2080180215246315,0.033333333333055555,26.334100000000003,416.3059423465254,4.0
rb,16,2024,0.030008336212256292,0.01902666080280556,0.0,8.876999999999999,42.14047890159779,0.0
williams,16,2024,0.008789193888911386,0.021348965679176286,0.11666666666569445,2.6,46.73818261148657,14.0
alpine,16,2024,0.037544055834241405,0.15644538561165766,0.0,11.106200000000001,314.2023374846241,0.0
red_bull,17,2024,0.5221949890174549,0.999999999999498,0.9999999999923078,162.30519999999999,1996.2734033155264,130.0
mclaren,17,2024,0.9999999999967827,0.4305967160782076,0.07692307692248522,310.8134,862.1348352140225,10.0
ferrari,17,2024,0.7608124360122157,0.6629776743946828,0.38461538461242606,236.47070000000002,1324.9916798463653,50.0
mercedes,17,2024,0.5177305740340741,0.6245012492223314,0.40769230768917164,160.9176,1248.3542613718569,53.0
sauber,17,2024,0.0,0.0,0.0,0.0,4.47145884744978,0.0
haas,17,2024,0.034928030773335624,0.03363943657495129,0.0,10.856100000000001,71.47455402828193,0.0
aston_martin,17,2024,0.06517415272293546,0.20676477630854603,0.33846153845893495,20.257,416.3059423465254,44.0
rb,17,2024,0.017019858217126354,0.01891203096710946,0.0,5.29,42.14047890159779,0.0
williams,17,2024,0.024812958514578806,0.022224460562938288,0.0,7.712200000000001,48.73818261148657,0.0
alpine,17,2024,0.02501179164082047,0.15550284981759793,0.05384615384573965,7.774000000000001,314.2023374846241,7.0
red_bull,18,2024,0.42700041425625174,0.9999999999995005,0.5514018691537252,139.56500000000003,2006.2734033155264,59.0
mclaren,18,2024,0.9999999999969406,0.44742856746705933,0.6542056074705214,326.8498,900.1348352140225,70.0
ferrari,18,2024,0.6879269927633798,0.668657668505723,0.9999999999906541,224.84880000000004,1342.9916798463653,107.0
mercedes,18,2024,0.46842831171850674,0.6298739023649125,0.3177570093428247,153.1057,1265.3542613718569,34.0
sauber,18,2024,0.0,0.0,0.0,0.0,4.47145884744978,0.0
haas,18,2024,0.01546000640044614,0.033970940716049766,0.01869158878487204,5.053100000000001,72.47455402828193,2.0
aston_martin,18,2024,0.09404564420692917,0.20972828239030675,0.11214953270923224,30.738800000000005,424.3059423465254,12.0
rb,18,2024,0.01009638066166754,0.01881755593165771,0.0,3.3,42.14047890159779,0.0
williams,18,2024,0.10082612869856178,0.027108937482039245,0.0,32.955000000000005,58.73818261148657,0.0
alpine,18,2024,0.01829586556265815,0.1547260354566805,0.14953271027897633,5.98,314.2023374846241,16.0
red_bull,19,2024,0.44894885594741596,0.9999999999995052,0.999999999990991,149.31590000000003,2025.2734033155264,111.0
mclaren,19,2024,0.9999999999969933,0.4630158729446387,0.39639639639282526,332.59000000000003,940.1348352140225,44.0
ferrari,19,2024,0.6111837397377816,0.6702884588498292,0.40540540540175307,203.2736,1358.9916798463653,45.0
mercedes,19,2024,0.47960251360389794,0.6338487579300762,0.4414414414374645,159.51100000000002,1285.3542613718569,49.0
sauber,19,2024,0.0,0.0,0.0,0.0,4.47145884744978,0.0
haas,19,2024,0.028861962175564925,0.0346412449633821,0.018018018017855693,9.599200000000002,74.47455402828193,2.0
aston_martin,19,2024,0.10313118253674755,0.20973578566623424,0.14414414414284554,34.3004,428.3059423465254,16.0
rb,19,2024,0.0030067049520340157,0.018640629358680053,0.0,1.0,42.14047890159779,0.0
williams,19,2024,0.07621997053406229,0.02685405361597385,0.05405405405356708,25.349999999999998,58.73818261148657,6.0
alpine,19,2024,0.013830842779356471,0.1532712691042811,0.19819819819641263,4.6,314.2023374846241,22.0
red_bull,20,2024,0.5392213350043878,0.9999999999995103,0.9999999999888889,160.2211,2046.2734033155264,90.0
mclaren,20,2024,0.9999999999966346,0.46902853577974774,0.3999999999955555,297.1342,962.1348352140225,36.0
ferrari,20,2024,0.8800208794515071,0.6844543491520223,0.799999999991111,261.4843,1401.9916798463653,72.0
mercedes,20,2024,0.42512373196883724,0.6312477103941397,0.9444444444339506,126.31880000000001,1293.3542613718569,85.0
sauber,20,2024,0.0,0.0,0.0,0.0,4.47145884744978,0.0
haas,20,2024,0.0632993442018344,0.036244012491659636,0.0,18.808400000000002,78.47455402828193,0.0
aston_martin,20,2024,0.07844267001214117,0.20757864622823838,0.0,23.308,428.3059423465254,0.0
rb,20,2024,0.019224310092815895,0.01942843680877335,0.0,5.712200000000001,44.14047890159779,0.0
williams,20,2024,0.07523906706102752,0.02706762226069269,0.04444444444395062,22.356100000000005,59.73818261148657,4.0
alpine,20,2024,0.006730965334832775,0.15169486907199156,0.06666666666592592,2.0,314.2023374846241,6.0
red_bull,21,2024,0.42170942817700846,0.9999999999995122,0.9999999999886363,126.09580000000003,2054.2734033155266,88.0
mclaren,21,2024,0.8767841728923214,0.4779307478998013,0.43181818181327475,262.1682,984.1348352140225,38.0
ferrari,21,2024,0.9999999999966557,0.7017849821444625,0.4886363636308109,299.01110000000006,1442.9916798463653,43.0
mercedes,21,2024,0.5093797521212109,0.6395168109102078,0.590909090902376,152.3102,1315.3542613718569,52.0
sauber,21,2024,0.0,0.0,0.0,0.0,4.47145884744978,0.0
haas,21,2024,0.12480071810001432,0.040005374861751306,0.0,37.3168,86.47455402828193,0.0
aston_martin,21,2024,0.05738917384653148,0.20676850494883,0.5795454545388687,17.16,428.3059423465254,51.0
rb,21,2024,0.014695106636460334,0.019352611193089075,0.0,4.394,44.14047890159779,0.0
williams,21,2024,0.057512915072191244,0.02696198230915013,0.0,17.197,59.73818261148657,0.0
alpine,21,2024,0.009551819313699219,0.1515906839075896,0.31818181817820246,2.8561000000000005,315.2023374846241,28.0
red_bull,22,2024,0.7041241503958833,0.9999999999995183,0.9999999999750001,162.02460000000002,2080.2734033155266,40.0
mclaren,22,2024,0.911690162876077,0.4777254299278577,0.04999999999875,209.7872,996.1348352140225,2.0
ferrari,22,2024,0.9999999999956543,0.697812344216394,0.64999999998375,230.108,1452.9916798463653,26.0
mercedes,22,2024,0.6170289603116058,0.637769323827767,0.24999999999375003,141.9833,1328.3542613718569,10.0
sauber,22,2024,0.0,0.0,0.0,0.0,4.47145884744978,0.0
haas,22,2024,0.12140386253358683,0.039504296351261924,0.0,27.936,86.47455402828193,0.0
aston_martin,22,2024,0.05736436803562951,0.20417867158684008,0.29999999999250004,13.2,428.3059423465254,12.0
rb,22,2024,0.11398473760097876,0.022964146546427967,0.0,26.228800000000003,52.14047890159779,0.0
williams,22,2024,0.05080223199519007,0.026624275938893698,0.0,11.69,59.73818261148657,0.0
alpine,22,2024,0.41914361951597023,0.16558943860373423,0.29999999999250004,96.44830000000002,348.2023374846241,12.0
red_bull,23,2024,0.6174561866038437,0.9999999999995208,0.8181818181570248,148.3591,2091.2734033155266,27.0
mclaren,23,2024,0.7282726812239148,0.4823952646942197,0.9999999999696971,174.9855,1011.1348352140225,33.0
ferrari,23,2024,0.9999999999958381,0.7070724775341901,0.30303030302112033,240.2747,1479.9916798463653,10.0
mercedes,23,2024,0.9112624009064991,0.6550131919069918,0.3636363636253444,218.95330000000004,1371.3542613718569,12.0
sauber,23,2024,0.0,0.0,0.0,0.0,4.47145884744978,0.0
haas,23,2024,0.1337818754944496,0.0412128690069402,0.0,32.144400000000005,90.47455402828193,0.0
aston_martin,23,2024,0.016647612087262422,0.20310240012111327,0.24242424241689625,4.0,428.3059423465254,8.0
rb,23,2024,0.10774417780936679,0.02380150171212572,0.0,25.888200000000005,54.14047890159779,0.0
williams,23,2024,0.005410473928360288,0.026483933422871007,0.0,1.3,59.73818261148657,0.0
alpine,23,2024,0.3087757470915216,0.16471657961993427,0.1818181818126722,74.191,348.2023374846241,6.0
red_bull,24,2024,0.6913140172225163,0.9999999999995256,0.9999999999913792,170.90950000000004,2116.2734033155266,116.0
mclaren,24,2024,0.6159580856814618,0.4837567301055937,0.40517241378961055,152.3887,1028.1348352140226,47.0
ferrari,24,2024,0.9999999999959314,0.7104653380401534,0.5689655172364744,246.7776,1505.9916798463653,66.0
mercedes,24,2024,0.758060132409308,0.6522827280485877,0.3793103448243163,187.3142,1383.3542613718569,44.0
sauber,24,2024,0.04241395472963194,0.0,0.0,11.424400000000002,8.47145884744978,0.0
haas,24,2024,0.11351807487698833,0.0398534100422757,0.0,28.900200000000005,92.47455402828193,0.0
aston_martin,24,2024,0.0656552916129637,0.2020277496263231,0.16379310344686385,17.1366,434.3059423465254,19.0
rb,24,2024,0.07695575186641519,0.021666656193189603,0.0,19.914,54.14047890159779,0.0
williams,24,2024,0.0,0.02432236287596276,0.0,1.0,59.73818261148657,0.0
alpine,24,2024,0.3443397608230191,0.16592207799925254,0.05172413793058858,85.631,358.2023374846241,6.0
red_bull,1,2025,0.5504461495105823,0.9999999999995274,0.7594936708812691,138.1638,2124.2734033155266,120.0
mclaren,1,2025,0.6954394623469277,0.4942160957456552,0.7784810126533008,174.55760000000004,1054.1348352140226,123.0
ferrari,1,2025,0.9999999999960161,0.7233759402669292,0.999999999993671,251.00330000000002,1538.9916798463653,158.0
mercedes,1,2025,0.7998627906453825,0.6602143485953409,0.39873417721266624,200.7682,1405.3542613718569,63.0
sauber,1,2025,0.03501149188064455,0.0,0.0,8.788,8.47145884744978,0.0
haas,1,2025,0.12182469314099925,0.041593257540423985,0.1329113924042221,30.578400000000006,96.47455402828193,21.0
aston_martin,1,2025,0.07527470754338579,0.20220913617055644,0.5696202531609518,18.8942,436.3059423465254,90.0
rb,1,2025,0.05489967661757873,0.021584733000899026,0.11392405063219037,13.780000000000001,54.14047890159779,18.0
williams,1,2025,0.0,0.024230398264853317,0.0063291139240105754,0.0,59.73818261148657,1.0
alpine,1,2025,0.33069923781746813,0.16813051881679725,0.037974683544063456,83.0066,364.2023374846241,6.0
red_bull,2,2025,0.6907645836066654,0.99999999999953,0.9999999999750001,151.53580000000002,2142.2734033155266,40.0
mclaren,2,2025,0.9011805691998175,0.5012982430715485,0.54999999998625,194.4667,1081.1348352140226,22.0
ferrari,2,2025,0.809795386625461,0.7188264043910144,0.54999999998625,175.82150000000001,1543.9916798463653,22.0
mercedes,2,2025,0.9999999999950988,0.666360328417781,0.24999999999375003,214.62870000000004,1432.3542613718569,10.0
sauber,2,2025,0.06517024320566092,0.0,0.0,23.896600000000003,14.47145884744978,0.0
haas,2,2025,0.03317180377058144,0.03853887594848182,0.024999999999375,17.368000000000002,96.47455402828193,1.0
aston_martin,2,2025,0.1312697674389374,0.20200869005518593,0.17499999999562502,37.3828,444.3059423465254,7.0
rb,2,2025,0.0,0.018643191936759937,0.0,10.6,54.14047890159779,0.0
williams,2,2025,0.08803173279010243,0.02597362217272848,0.0,28.561000000000007,69.73818261148656,0.0
alpine,2,2025,0.25722851735928703,0.16436251482251474,0.0,63.08200000000001,364.2023374846241,0.0
red_bull,3,2025,0.4933130095056642,0.9999999999995327,0.9999999999955947,130.8392,2154.2734033155266,227.0
mclaren,3,2025,0.9999999999961712,0.5185822824560056,0.4801762114516292,263.17130000000003,1124.1348352140226,109.0
ferrari,3,2025,0.48073812091726487,0.71479522904089,0.5991189427286383,127.555,1543.9916798463653,136.0
mercedes,3,2025,0.8377233639345604,0.673372040925926,0.308370044051505,220.7893,1455.3542613718569,70.0
sauber,3,2025,0.06272511566139646,0.0,0.0,18.382,14.47145884744978,0.0
haas,3,2025,0.19659663982912137,0.044865411693348206,0.0,53.345400000000005,110.47455402828193,0.0
aston_martin,3,2025,0.12431764133300896,0.20181049214170219,0.17621145374371713,34.4682,446.3059423465254,40.0
rb,3,2025,0.0,0.018538640997445493,0.013215859030778786,2.0,54.14047890159779,3.0
williams,3,2025,0.15301336708837066,0.029099293009328616,0.008810572687185858,41.9627,76.73818261148656,2.0
alpine,3,2025,0.08094304389463565,0.1634407705540939,0.10572687224623029,23.14,364.2023374846241,24.0
red_bull,4,2025,0.5558881648507299,0.999999999999538,0.9999999999954129,163.5865,2179.2734033155266,218.0
mclaren,4,2025,0.9999999999963468,0.5278373752786026,0.1651376146781416,285.1523,1157.1348352140226,36.0
ferrari,4,2025,0.4286570714916943,0.7148553358207782,0.6834862385289748,128.7598,1561.9916798463653,149.0
mercedes,4,2025,0.6457010776006183,0.6739105192748714,0.490825688071143,188.1708,1473.3542613718569,107.0
sauber,4,2025,0.009920800912110448,0.0,0.0,14.14,14.47145884744978,0.0
haas,4,2025,0.10736830260960842,0.04480922397019669,0.045871559632817104,40.8141,111.47455402828193,10.0
aston_martin,4,2025,0.05512627686087123,0.19947990374010136,0.25229357798049407,26.514000000000003,446.3059423465254,55.0
rb,4,2025,0.0,0.02017229343576645,0.0,11.424400000000002,58.14047890159779,0.0
williams,4,2025,0.09705550658118134,0.02968711476273104,0.00917431192656342,37.991200000000006,78.73818261148656,2.0
alpine,4,2025,0.023291743369881938,0.16155329106697874,0.055045871559380524,17.8,364.2023374846241,12.0
red_bull,5,2025,0.4072909838018411,0.9999999999995401,0.999999999996063,135.16600000000003,2189.2734033155266,254.0
mclaren,5,2025,0.9999999999968022,0.543802795180639,0.2125984251960134,320.51500000000004,1197.1348352140226,54.0
ferrari,5,2025,0.42876165198206423,0.7216842089876255,0.5039370078720318,141.8802,1583.9916798463653,128.0
mercedes,5,2025,0.5728084677723396,0.6790884136738947,0.3346456692900211,186.9258,1491.3542613718569,85.0
sauber,5,2025,0.0,0.0,0.0,7.800000000000001,14.47145884744978,0.0
haas,5,2025,0.11620005436222695,0.046902245714946535,0.027559055118001736,44.1375,116.47455402828193,7.0
aston_martin,5,2025,0.025518443310920427,0.1985626712341832,0.2362204724400149,15.780000000000001,446.3059423465254,60.0
rb,5,2025,0.0031594263146853844,0.020079538812813,0.0,8.788,58.14047890159779,0.0
williams,5,2025,0.06850966535001995,0.029550609850924097,0.0,29.224000000000004,78.73818261148656,0.0
alpine,5,2025,0.04904337815567196,0.1635693215843694,0.07874015748000496,23.1366,370.2023374846241,20.0
red_bull,6,2025,0.4390512458079206,0.9999999999995439,0.9999999999953704,149.2298,2207.2734033155266,216.0
mclaren,6,2025,0.9999999999969347,0.5562122833039893,0.3472222222206147,332.2257,1234.1348352140226,75.0
ferrari,6,2025,0.42219880285206773,0.7253369256674996,0.6481481481451475,143.7321,1604.9916798463653,140.0
mercedes,6,2025,0.5280877625505039,0.68172267280908,0.43518518518317045,178.27580000000003,1509.3542613718569,94.0
sauber,6,2025,0.0,0.0,0.0,6.0,14.47145884744978,0.0
haas,6,2025,0.07625089010437788,0.04651724039105102,0.009259259259216392,30.875,116.47455402828193,2.0
aston_martin,6,2025,0.014100667114779426,0.19693273466319905,0.17129629629550328,10.6,446.3059423465254,37.0
rb,6,2025,0.011084657033424762,0.020370749928791818,0.08333333333294754,9.616100000000001,59.14047890159779,18.0
williams,6,2025,0.10304706220232482,0.03204426370620071,0.009259259259216392,39.616600000000005,84.73818261148656,2.0
alpine,6,2025,0.022015432873553446,0.1622266340717352,0.08796296296255574,13.182,370.2023374846241,19.0
red_bull,7,2025,0.38611520707450975,0.9999999999995467,0.9999999999901961,138.0753,2220.2734033155266,102.0
mclaren,7,2025,0.9999999999972036,0.5724282633500389,0.7352941176398501,357.60130000000004,1277.1348352140226,75.0
ferrari,7,2025,0.37829280821859906,0.7255956161486434,0.5686274509748174,135.27800000000002,1614.9916798463653,58.0
mercedes,7,2025,0.5091041335685605,0.6881319541540944,0.41176470587831604,182.05630000000002,1532.3542613718569,42.0
sauber,7,2025,0.0,0.0,0.0,0.0,14.47145884744978,0.0
haas,7,2025,0.06641474737349552,0.04624308879434943,0.019607843137062667,23.75,116.47455402828193,2.0
aston_martin,7,2025,0.005592820831452254,0.1957721021063909,0.088235294116782,2.0,446.3059423465254,9.0
rb,7,2025,0.02068504784512616,0.02025069393294944,0.019607843137062667,7.397,59.14047890159779,2.0
williams,7,2025,0.15954975555133732,0.03729560759990983,0.0,57.0552,96.73818261148656,0.0
alpine,7,2025,0.02835560161546293,0.16127054359034787,0.0,10.14,370.2023374846241,0.0
red_bull,8,2025,0.5092592675187374,0.9999999999995519,0.6551724137893381,171.2396,2246.2734033155266,114.0
mclaren,8,2025,0.999999999997026,0.5805458587297709,0.603448275858601,336.2523,1310.1348352140226,105.0
ferrari,8,2025,0.4793483940467342,0.7261039560499267,0.9999999999942529,161.18200000000002,1634.9916798463653,174.0
mercedes,8,2025,0.4148301736511101,0.6828037793859542,0.6379310344790924,139.4876,1538.3542613718569,111.0
sauber,8,2025,0.0,0.0,0.0,0.0,14.47145884744978,0.0
haas,8,2025,0.022304680146359432,0.04570436701770043,0.0,7.5,116.47455402828193,0.0
aston_martin,8,2025,0.0,0.19349140033203294,0.21264367815969745,0.0,446.3059423465254,37.0
rb,8,2025,0.033909656528642605,0.02091091468479301,0.06896551724098296,11.4022,61.14047890159779,12.0
williams,8,2025,0.23342412825062192,0.0431340800659342,0.03448275862049148,78.48940000000002,110.73818261148656,6.0
alpine,8,2025,0.023196867352213813,0.1593917773567489,0.29310344827417756,7.800000000000001,370.2023374846241,51.0
red_bull,9,2025,0.4223276693080232,0.9999999999995544,0.9999999999951691,146.7652,2258.2734033155266,207.0
mclaren,9,2025,0.9999999999971224,0.5952679467360985,0.381642512075451,347.515,1350.1348352140226,79.0
ferrari,9,2025,0.547057824840519,0.7346995241993092,0.4154589371960606,190.1108,1662.9916798463653,86.0
mercedes,9,2025,0.2689150108620667,0.679152099979566,0.8309178743921212,93.45200000000001,1538.3542613718569,172.0
sauber,9,2025,0.0,0.0,0.0,0.0,14.47145884744978,0.0
haas,9,2025,0.06369969641579876,0.04813396986621633,0.0,22.1366,122.47455402828193,0.0
aston_martin,9,2025,0.0,0.1924565956293684,0.13526570048243833,0.0,446.3059423465254,28.0
rb,9,2025,0.11500856078121807,0.026147147344606717,0.0,39.967200000000005,73.14047890159779,0.0
williams,9,2025,0.1939665913695986,0.04424041257684401,0.0,67.40630000000002,113.73818261148656,0.0
alpine,9,2025,0.01726544177944185,0.15853933967480652,0.13043478260806554,6.0,370.2023374846241,27.0
red_bull,10,2025,0.2894044141362058,0.9999999999995526,0.9999999999940477,108.0601,2259.2734033155266,168.0
mclaren,10,2025,0.9999999999971724,0.6124316205084236,0.4999999999970238,359.3623,1393.1348352140226,84.0
ferrari,10,2025,0.5352581548809537,0.7434753782593668,0.4345238095212231,195.00630000000004,1685.9916798463653,73.0
mercedes,10,2025,0.24487763470095197,0.6827821169123387,0.8392857142807186,92.31320000000001,1550.3542613718569,141.0
sauber,10,2025,0.06460849297069447,0.0,0.0,28.561000000000007,24.47145884744978,0.0
haas,10,2025,0.021122007317342418,0.04385314565497875,0.0,13.182,122.47455402828193,0.0
aston_martin,10,2025,0.0,0.1896519217499456,0.4940476190446783,5.712200000000001,448.3059423465254,83.0
rb,10,2025,0.11923763064079654,0.024462579419822262,0.07142857142814626,47.8806,79.14047890159779,12.0
williams,10,2025,0.130464546736646,0.03994390822191804,0.07142857142814626,51.851000000000006,113.73818261148656,12.0
alpine,10,2025,0.016152123242673618,0.15649300802817231,0.1607142857133291,11.424400000000002,374.2023374846241,27.0
red_bull,11,2025,0.4092019124071455,0.9999999999995554,0.9430379746775758,120.68680000000003,2277.2734033155266,149.0
mclaren,11,2025,0.9999999999963431,0.6121763545039941,0.5443037974649095,282.2442,1405.1348352140226,86.0
ferrari,11,2025,0.6453421059729298,0.745072381816395,0.7721518987292902,185.26080000000002,1703.9916798463653,122.0
mercedes,11,2025,0.5946839018438981,0.6945399555375937,0.999999999993671,171.40800000000002,1590.3542613718569,158.0
sauber,11,2025,0.0899829661931601,0.0,0.0,33.394400000000005,28.47145884744978,0.0
haas,11,2025,0.02583302188787151,0.04269077382156821,0.30379746835250765,15.852200000000002,124.47455402828193,48.0
aston_martin,11,2025,0.04659832177860075,0.18936059911652717,0.15189873417625382,21.5306,454.3059423465254,24.0
rb,11,2025,0.09973809333962906,0.022531561829519202,0.037974683544063456,36.062000000000005,79.14047890159779,6.0
williams,11,2025,0.10728628570093753,0.03836119226782492,0.0,38.126099999999994,114.73818261148656,0.0
alpine,11,2025,0.0,0.1537400301024724,0.10126582278416921,8.788,374.2023374846241,16.0
red_bull,12,2025,0.25351373921350784,0.9999999999995541,0.9798657718055043,82.836,2277.2734033155266,146.0
mclaren,12,2025,0.9999999999966677,0.630311285333409,0.9999999999932887,306.84630000000004,1448.1348352140226,149.0
ferrari,12,2025,0.6837056540045856,0.7564289058972263,0.5100671140905365,211.9307,1730.9916798463653,76.0
mercedes,12,2025,0.45307299933234846,0.6981814896255085,0.9463087248258638,142.721,1600.3542613718569,141.0
sauber,12,2025,0.12018076133392235,0.0,0.0,42.824600000000004,34.47145884744978,0.0
haas,12,2025,0.027625719667883446,0.040575627021036266,0.19463087248191524,15.0501,125.47455402828193,29.0
aston_martin,12,2025,0.08976950963742839,0.1898671813394921,0.2953020134208369,33.6986,460.3059423465254,44.0
rb,12,2025,0.14605398513645557,0.023483580520354857,0.020134228187784334,50.588800000000006,87.14047890159779,3.0
williams,12,2025,0.044443881643232465,0.03578859201633062,0.09395973154299357,20.096999999999998,114.73818261148656,14.0
alpine,12,2025,0.0,0.15147609421107244,0.06711409395928111,6.760000000000001,374.2023374846241,10.0
red_bull,13,2025,0.18858833072364814,0.9999999999995531,0.9999999999946525,72.281,2287.2734033155266,187.0
mclaren,13,2025,0.9999999999968934,0.6442318901052749,0.513368983954474,333.4633,1491.1348352140226,96.0
ferrari,13,2025,0.5291781601126573,0.7567784205320756,0.6524064171088106,181.9122,1742.9916798463653,122.0
mercedes,13,2025,0.2996371700184207,0.6934853222198779,0.6898395721888244,108.02610000000001,1601.3542613718569,129.0
sauber,13,2025,0.1994695021186069,0.0,0.0,75.7835,49.47145884744978,0.0
haas,13,2025,0.0,0.03396328051670544,0.0,11.577000000000002,125.47455402828193,0.0
aston_martin,13,2025,0.1155494968250729,0.18716333879960276,0.21390374331436415,48.77080000000001,468.3059423465254,40.0
rb,13,2025,0.08014941922014032,0.01683304465225365,0.01604278074857731,37.376000000000005,87.14047890159779,3.0
williams,13,2025,0.014096281823693352,0.030953017953727117,0.005347593582859104,16.114400000000003,118.73818261148656,1.0
alpine,13,2025,0.051172727761165444,0.14868647310792976,0.16042780748577312,28.048800000000004,382.2023374846241,30.0
red_bull,14,2025,0.22178721925856812,0.9999999999995551,0.8638743455452154,80.64320000000001,2299.2734033155266,165.0
mclaren,14,2025,0.9999999999970953,0.6596058785405015,0.9999999999947644,348.55330000000004,1534.1348352140226,191.0
ferrari,14,2025,0.505665576317587,0.761864373866536,0.5235602094213426,178.37210000000002,1763.9916798463653,100.0
mercedes,14,2025,0.31187756580410436,0.6939591837095087,0.7015706806245992,111.65800000000002,1611.3542613718569,134.0
sauber,14,2025,0.1734637412696228,0.0,0.0,64.0072,51.47145884744978,0.0
haas,14,2025,0.0,0.03292242689037776,0.0,4.29,125.47455402828193,0.0
aston_martin,14,2025,0.0965133373203112,0.18544093020505442,0.05235602094213426,37.516000000000005,468.3059423465254,10.0
rb,14,2025,0.07742445970837607,0.01764791606829831,0.03141361256528056,30.944400000000005,91.14047890159779,6.0
williams,14,2025,0.083211890433621,0.033484588777600036,0.0,32.936800000000005,126.73818261148656,0.0
alpine,14,2025,0.05850783397458136,0.14758011908185623,0.03141361256528056,24.432100000000002,383.2023374846241,6.0
red_bull,15,2025,0.17959556433354426,0.9999999999995539,0.9999999999946809,66.9762,2301.2734033155266,188.0
mclaren,15,2025,0.9999999999971796,0.6769837005944783,0.7234042553153011,357.8533,1577.1348352140226,136.0
ferrari,15,2025,0.4244501461404408,0.7656877206453833,0.6063829787201789,153.7902,1775.9916798463653,114.0
mercedes,15,2025,0.3357960566145181,0.69938506672842,0.4042553191467859,122.3576,1627.3542613718569,76.0
sauber,15,2025,0.17230921274693453,0.0,0.0,64.39280000000001,59.47145884744978,0.0
haas,15,2025,0.0,0.029441983197344215,0.0,3.3,125.47455402828193,0.0
aston_martin,15,2025,0.19663503343447483,0.18950580560750147,0.22340425531796063,73.01760000000002,484.3059423465254,42.0
rb,15,2025,0.07703326975076236,0.015910870334531473,0.0,30.612400000000004,95.14047890159779,0.0
williams,15,2025,0.06215144521271654,0.030005649664991918,0.042553191489135354,25.336000000000002,126.73818261148656,8.0
alpine,15,2025,0.0350215327285488,0.1444065473472694,0.25531914893481217,15.717000000000002,383.2023374846241,48.0
red_bull,16,2025,0.2542035048024558,0.9999999999995579,0.7999999999958974,94.79600000000002,2321.2734033155266,156.0
mclaren,16,2025,0.9999999999969265,0.682050601353024,0.5948717948687443,337.44350000000003,1602.1348352140226,116.0
ferrari,16,2025,0.2838881401297853,0.7589171214554961,0.9999999999948719,104.45400000000001,1775.9916798463653,195.0
mercedes,16,2025,0.2628992772468625,0.6985062535593762,0.5589743589714925,97.6252,1639.3542613718569,109.0
sauber,16,2025,0.10562664916742671,0.0,0.0,46.456,59.47145884744978,0.0
haas,16,2025,0.04492006386885367,0.03316077049285497,0.01538461538453649,26.704900000000006,134.47455402828194,3.0
aston_martin,16,2025,0.20907413013780676,0.19225135275986616,0.02051282051271532,80.113,494.3059423465254,4.0
rb,16,2025,0.16689385545209476,0.022402058755874747,0.0,66.38950000000001,110.14047890159779,0.0
williams,16,2025,0.10816235264071797,0.034161578096164366,0.1025641025635766,47.281000000000006,136.73818261148656,20.0
alpine,16,2025,0.0,0.14312963141127955,0.0,12.09,383.2023374846241,0.0
red_bull,17,2025,0.4335338066291572,0.9999999999995619,0.9999999999937501,144.32250000000002,2346.2734033155266,160.0
mclaren,17,2025,0.9999999999967892,0.6884799534074791,0.7749999999951563,320.7463,1635.1348352140226,124.0
ferrari,17,2025,0.34484917624532757,0.7589446054207987,0.6499999999959375,116.70200000000001,1795.9916798463653,104.0
mercedes,17,2025,0.2966071518579717,0.695585005248324,0.6499999999959375,101.67720000000001,1651.3542613718569,104.0
sauber,17,2025,0.10674199693460244,0.0,0.0,42.54440000000001,63.47145884744978,0.0
haas,17,2025,0.03362698481236211,0.03110348462461369,0.018749999999882815,19.773,134.47455402828194,3.0
aston_martin,17,2025,0.15318852720307424,0.18873055743750783,0.4249999999973438,57.010000000000005,494.3059423465254,68.0
rb,17,2025,0.12352402324213346,0.020881802808011295,0.0,47.7711,111.14047890159779,0.0
williams,17,2025,0.14193971801834876,0.03472343448632915,0.18749999999882813,53.5066,142.73818261148656,30.0
alpine,17,2025,0.0,0.1400607176684072,0.04374999999972656,9.3,383.2023374846241,7.0
red_bull,18,2025,0.8554695727669577,0.9999999999995682,0.6105263157862604,197.57630000000003,2379.2734033155266,116.0
mclaren,18,2025,0.9999999999956481,0.6812600620422528,0.9999999999947369,230.7876,1641.1348352140226,190.0
ferrari,18,2025,0.42072157070085275,0.7507205981716586,0.8157894736799169,97.6766,1801.9916798463653,155.0
mercedes,18,2025,0.7055515615259242,0.698627447994187,0.4947368421026593,163.127,1681.3542613718569,94.0
sauber,18,2025,0.08785504526750855,0.0,0.0,21.188000000000002,63.47145884744978,0.0
haas,18,2025,0.06183971632907155,0.030660262355514348,0.042105263157673135,15.21,134.47455402828194,8.0
aston_martin,18,2025,0.15971270860499126,0.18604116147672087,0.12631578947301939,37.7,494.3059423465254,24.0
rb,18,2025,0.29228774746638947,0.02533421314127039,0.0,68.1641,122.14047890159779,0.0
williams,18,2025,0.34781467755288886,0.04070586605610976,0.0,80.92350000000002,157.73818261148656,0.0
alpine,18,2025,0.0,0.1380648631895316,0.08421052631534627,1.0,383.2023374846241,16.0
red_bull,19,2025,0.8763085788573991,0.9999999999995716,0.9999999999942529,194.16080000000002,2397.2734033155266,174.0
mclaren,19,2025,0.9999999999954867,0.6875747876418974,0.6321839080423438,221.56670000000003,1668.1348352140226,110.0
ferrari,19,2025,0.42088996225325875,0.7500723123260343,0.9999999999942529,93.2552,1813.9916798463653,174.0
mercedes,19,2025,0.9827898325832232,0.7082361065134968,0.41954022988264633,217.75350000000003,1716.3542613718569,73.0
sauber,19,2025,0.06661650870791226,0.0,0.0,14.760000000000002,63.47145884744978,0.0
haas,19,2025,0.07858671903278523,0.03128075857244169,0.08045977011448012,17.412200000000002,136.47455402828194,14.0
aston_martin,19,2025,0.20822894414996374,0.18717718722205126,0.09195402298797728,46.1366,500.3059423465254,16.0
rb,19,2025,0.22276361926127541,0.025138817024807473,0.03448275862049148,49.357,122.14047890159779,6.0
williams,19,2025,0.2660648012527782,0.040820397801883436,0.05172413793073722,58.9511,158.73818261148656,9.0
alpine,19,2025,0.0,0.1370000052467652,0.12643678160846877,0.0,383.2023374846241,22.0
red_bull,20,2025,0.9999999999957692,0.9999999999995764,0.5846153846123866,236.35510000000002,2428.2734033155266,114.0
mclaren,20,2025,0.9195054390579281,0.689877175076982,0.5230769230742407,217.32980000000003,1696.1348352140226,102.0
ferrari,20,2025,0.5907158339270415,0.7512363437152981,0.9999999999948719,139.61870000000002,1840.9916798463653,195.0
mercedes,20,2025,0.7532894361037553,0.7018304972198866,0.7743589743550033,178.0438,1724.3542613718569,151.0
sauber,20,2025,0.07033654023090538,0.0,0.0,16.6244,67.47145884744978,0.0
haas,20,2025,0.08083684253024015,0.030075837300616984,0.12307692307629192,19.1062,138.47455402828194,24.0
aston_martin,20,2025,0.11016517096474684,0.18376572609806163,0.0,26.038100000000004,501.3059423465254,0.0
rb,20,2025,0.1476168697009389,0.023156970105953797,0.0,34.89,122.14047890159779,0.0
williams,20,2025,0.19185962139089932,0.03865920391071258,0.02051282051271532,45.34700000000001,158.73818261148656,4.0
alpine,20,2025,0.0,0.13373882522287545,0.04615384615360947,0.0,383.2023374846241,9.0
red_bull,21,2025,0.8441326371081216,0.9999999999995789,0.9999999999939759,209.26850000000002,2443.2734033155266,166.0
mclaren,21,2025,0.9999999999959663,0.7001271749161746,0.44578313252743507,247.90950000000004,1731.1348352140226,74.0
ferrari,21,2025,0.6866747744612987,0.7556504765285207,0.4397590361419292,170.2332,1862.9916798463653,73.0
mercedes,21,2025,0.6765025140195252,0.7031671868104921,0.548192771081035,167.7114,1738.3542613718569,91.0
sauber,21,2025,0.06310407628564817,0.0,0.0,15.644100000000002,68.47145884744978,0.0
haas,21,2025,0.19264852698185164,0.03537267407771655,0.0,47.75940000000001,152.47455402828194,0.0
aston_martin,21,2025,0.049764127635085524,0.1822612974135165,0.30722891566079985,12.337,501.3059423465254,51.0
rb,21,2025,0.06171606977521347,0.022599366729989155,0.1445783132521411,15.3,122.14047890159779,24.0
williams,21,2025,0.1096771200776506,0.038010211324893156,0.0,27.19,158.73818261148656,0.0
alpine,21,2025,0.0,0.1325293165479268,0.7650602409592466,0.0,383.2023374846241,127.0
red_bull,22,2025,0.6925110051554574,0.9999999999995812,0.6458333333266059,184.5865,2458.2734033155266,62.0
mclaren,22,2025,0.9999999999961894,0.710135687884114,0.3333333333298611,265.2785,1766.1348352140226,32.0
ferrari,22,2025,0.42949039411106116,0.750698869791514,0.8333333333246528,115.56400000000001,1862.9916798463653,80.0
mercedes,22,2025,0.7720564250583334,0.711065172912374,0.9999999999895833,205.461,1768.3542613718569,96.0
sauber,22,2025,0.045015593180898386,0.0,0.0,14.669200000000002,70.47145884744978,0.0
haas,22,2025,0.21618085955994545,0.03769286451470923,0.08333333333246527,59.586800000000004,160.47455402828194,8.0
aston_martin,22,2025,0.02527947309366396,0.18043141496598072,0.12499999999869792,9.49,501.3059423465254,12.0
rb,22,2025,0.13986953857544226,0.025826689770897224,0.04166666666623264,39.56100000000001,132.1404789015978,4.0
williams,22,2025,0.05123000170697612,0.03696568049477099,0.0,16.3,158.73818261148656,0.0
alpine,22,2025,0.0,0.1313889869986398,0.12499999999869792,2.8561000000000005,384.2023374846241,12.0
red_bull,23,2025,0.8184608431748565,0.9999999999995846,0.9999999999870129,188.00750000000002,2483.2734033155266,77.0
mclaren,23,2025,0.8688409126209448,0.7020367339529054,0.8701298701185697,199.445,1766.1348352140226,67.0
ferrari,23,2025,0.5628498799442929,0.7489275239872463,0.805194805184348,129.9776,1878.9916798463653,62.0
mercedes,23,2025,0.9999999999955952,0.7166700220133417,0.46753246752639566,229.2213,1801.3542613718569,36.0
sauber,23,2025,0.11551010178154714,0.0,0.1038961038947546,28.4206,76.47145884744978,8.0
haas,23,2025,0.2299634884889857,0.036148838661514554,0.0519480519473773,54.404300000000006,163.47455402828194,4.0
aston_martin,23,2025,0.022477770000733498,0.17651410182518823,0.25974025973688647,7.3,501.3059423465254,20.0
rb,23,2025,0.1877411360802005,0.026453784533647173,0.0,44.8188,140.1404789015978,0.0
williams,23,2025,0.1205333525965259,0.03833581902161466,0.0,29.561000000000007,168.73818261148656,0.0
alpine,23,2025,0.0,0.12785882915889765,0.3376623376579524,2.197,384.2023374846241,26.0
red_bull,24,2025,0.9386114483231003,0.999999999999589,0.8484848484797062,205.03360000000004,2509.2734033155266,140.0
mclaren,24,2025,0.9999999999953841,0.7068653411249488,0.7575757575711662,218.33300000000003,1796.1348352140226,125.0
ferrari,24,2025,0.4638340495632731,0.742567731461248,0.9999999999939394,102.17640000000002,1882.9916798463653,165.0
mercedes,24,2025,0.9191194730458907,0.7164096553304776,0.6666666666626263,200.81080000000003,1819.3542613718569,110.0
sauber,24,2025,0.09311170912472079,0.0,0.0,21.862000000000002,76.47145884744978,0.0
haas,24,2025,0.178270241825592,0.035762506429523305,0.07272727272683197,40.311,163.47455402828194,12.0
aston_martin,24,2025,0.07591567694282336,0.17709394078649462,0.15151515151423325,18.1366,507.3059423465254,25.0
rb,24,2025,0.17770341067942327,0.02699316325500525,0.0,40.1882,142.1404789015978,0.0
williams,24,2025,0.29136182567499824,0.044091843977642896,0.0,64.81150000000001,183.73818261148656,0.0
alpine,24,2025,0.0,0.12649236792037014,0.14545454545366393,1.6900000000000002,384.2023374846241,24.0
